1,0.0,7.8,144,0.0,32.4,2021:05:23 22:34:39 EEST +0300
2,0.0,7.8,144,0.0,32.4,2021:05:23 22:34:39 EEST +0300
3,0.7,7.8,144,2.1,32.4,2021:05:23 22:34:39 EEST +0300
4,0.0,7.8,144,0.0,32.4,2021:05:23 22:34:39 EEST +0300
5,0.8,7.8,145,3.2,32.4,2021:05:23 22:34:39 EEST +0300
6,1.5,7.8,145,2.9,32.4,2021:05:23 22:34:39 EEST +0300
7,0.7,7.8,145,2.1,32.4,2021:05:23 22:34:39 EEST +0300
8,0.7,7.8,145,1.4,32.4,2021:05:23 22:34:39 EEST +0300
9,0.7,7.8,145,1.4,32.4,2021:05:23 22:34:39 EEST +0300
10,0.7,7.8,145,2.1,32.4,2021:05:23 22:34:39 EEST +0300
11,0.7,7.8,145,0.7,32.4,2021:05:23 22:34:39 EEST +0300
12,0.7,7.8,145,0.7,32.4,2021:05:23 22:34:39 EEST +0300
13,0.7,7.8,145,1.4,32.4,2021:05:23 22:34:39 EEST +0300
14,1.5,7.8,145,3.6,32.4,2021:05:23 22:34:39 EEST +0300
15,0.7,7.8,145,0.7,32.4,2021:05:23 22:34:39 EEST +0300
16,0.7,7.8,145,1.4,32.4,2021:05:23 22:34:39 EEST +0300
17,0.7,7.8,145,1.4,32.4,2021:05:23 22:34:39 EEST +0300
18,0.7,7.8,145,0.7,32.4,2021:05:23 22:34:39 EEST +0300
19,0.7,7.8,145,1.4,32.4,2021:05:23 22:34:39 EEST +0300
20,0.0,7.8,145,0.0,32.4,2021:05:23 22:34:39 EEST +0300
21,0.7,7.8,145,1.4,32.4,2021:05:23 22:34:39 EEST +0300
22,1.5,7.8,145,2.9,32.4,2021:05:23 22:34:39 EEST +0300
23,0.0,7.8,145,0.0,32.4,2021:05:23 22:34:39 EEST +0300
24,0.7,7.8,145,2.1,32.4,2021:05:23 22:34:39 EEST +0300
25,0.7,7.8,145,0.7,32.4,2021:05:23 22:34:39 EEST +0300
26,0.7,7.8,145,1.4,32.4,2021:05:23 22:34:39 EEST +0300
27,0.7,7.8,145,2.1,32.4,2021:05:23 22:34:39 EEST +0300
28,0.0,7.8,145,0.0,32.4,2021:05:23 22:34:39 EEST +0300
29,0.7,7.8,145,2.1,32.4,2021:05:23 22:34:39 EEST +0300
30,0.7,7.8,145,2.8,32.4,2021:05:23 22:34:39 EEST +0300
31,0.7,7.8,145,2.1,32.4,2021:05:23 22:34:39 EEST +0300
32,0.7,7.8,145,0.7,32.4,2021:05:23 22:34:39 EEST +0300
33,0.7,7.8,145,1.4,32.4,2021:05:23 22:34:39 EEST +0300
34,0.0,7.8,145,0.0,32.4,2021:05:23 22:34:39 EEST +0300
35,0.7,7.8,145,2.1,32.4,2021:05:23 22:34:39 EEST +0300
36,0.7,7.8,145,0.7,32.4,2021:05:23 22:34:39 EEST +0300
37,0.7,7.8,145,1.4,32.4,2021:05:23 22:34:39 EEST +0300
38,0.7,7.8,145,2.8,32.4,2021:05:23 22:34:39 EEST +0300
39,0.7,7.8,145,0.7,32.4,2021:05:23 22:34:39 EEST +0300
40,1.5,7.8,145,2.9,32.4,2021:05:23 22:34:39 EEST +0300
41,0.7,7.8,145,0.7,32.4,2021:05:23 22:34:39 EEST +0300
42,0.7,7.8,145,0.7,32.4,2021:05:23 22:34:39 EEST +0300
43,0.7,7.8,145,0.7,32.4,2021:05:23 22:34:39 EEST +0300
44,0.7,7.8,145,2.1,32.4,2021:05:23 22:34:39 EEST +0300
45,0.7,7.8,145,2.1,32.4,2021:05:23 22:34:39 EEST +0300
46,0.7,7.8,145,1.4,32.4,2021:05:23 22:34:39 EEST +0300
47,0.7,7.8,145,0.7,32.4,2021:05:23 22:34:39 EEST +0300
48,0.7,7.8,145,1.4,32.4,2021:05:23 22:34:39 EEST +0300
49,0.7,7.8,145,0.7,32.4,2021:05:23 22:34:39 EEST +0300
50,15.9,7.8,146,39.4,33.4,2021:05:23 22:34:39 EEST +0300
51,95.7,7.8,146,99.2,33.6,2021:05:23 22:34:39 EEST +0300
52,99.6,7.8,146,101.7,33.6,2021:05:23 22:34:39 EEST +0300
53,100.2,7.8,146,100.9,33.6,2021:05:23 22:34:39 EEST +0300
54,99.5,7.8,146,101.6,33.6,2021:05:23 22:34:39 EEST +0300
55,100.3,7.8,146,101.0,33.6,2021:05:23 22:34:39 EEST +0300
56,99.4,7.8,146,101.5,33.6,2021:05:23 22:34:39 EEST +0300
57,100.2,7.8,146,101.6,33.6,2021:05:23 22:34:39 EEST +0300
58,99.2,7.8,146,105.0,33.6,2021:05:23 22:34:39 EEST +0300
59,100.3,7.8,146,100.3,33.6,2021:05:23 22:34:39 EEST +0300
60,99.5,7.8,146,101.6,33.6,2021:05:23 22:34:39 EEST +0300
61,100.2,7.8,146,102.3,33.6,2021:05:23 22:34:39 EEST +0300
62,99.6,7.8,146,100.3,33.6,2021:05:23 22:34:39 EEST +0300
63,99.5,7.8,146,100.2,33.6,2021:05:23 22:34:39 EEST +0300
64,100.3,7.8,146,101.7,33.6,2021:05:23 22:34:39 EEST +0300
65,99.4,7.8,146,100.8,33.6,2021:05:23 22:34:39 EEST +0300
66,100.4,7.8,146,100.4,33.6,2021:05:23 22:34:39 EEST +0300
67,99.2,7.8,146,99.9,33.6,2021:05:23 22:34:39 EEST +0300
68,99.6,7.8,146,101.7,33.6,2021:05:23 22:34:39 EEST +0300
69,100.3,7.8,146,101.7,33.6,2021:05:23 22:34:39 EEST +0300
70,99.6,7.8,146,101.0,33.6,2021:05:23 22:34:39 EEST +0300
71,100.3,7.8,146,101.7,33.6,2021:05:23 22:34:39 EEST +0300
72,100.4,7.8,146,101.8,33.6,2021:05:23 22:34:39 EEST +0300
73,99.5,7.8,146,100.2,33.6,2021:05:23 22:34:39 EEST +0300
74,99.8,7.8,146,101.9,33.6,2021:05:23 22:34:39 EEST +0300
75,100.3,7.8,146,101.7,33.6,2021:05:23 22:34:39 EEST +0300
76,99.6,7.8,146,100.3,33.6,2021:05:23 22:34:39 EEST +0300
77,100.3,7.8,146,101.7,33.6,2021:05:23 22:34:39 EEST +0300
78,99.5,7.8,146,101.6,33.6,2021:05:23 22:34:39 EEST +0300
79,99.5,7.8,146,100.9,33.6,2021:05:23 22:34:39 EEST +0300
80,100.3,7.8,146,101.7,33.6,2021:05:23 22:34:39 EEST +0300
81,99.5,7.8,146,100.9,33.6,2021:05:23 22:34:39 EEST +0300
82,99.6,7.8,146,101.0,33.6,2021:05:23 22:34:39 EEST +0300
83,100.0,7.8,146,101.4,33.6,2021:05:23 22:34:39 EEST +0300
84,99.9,7.8,144,102.0,33.6,2021:05:23 22:34:39 EEST +0300
85,99.9,7.8,144,100.6,33.6,2021:05:23 22:34:39 EEST +0300
86,100.0,7.8,144,100.7,33.6,2021:05:23 22:34:39 EEST +0300
87,100.0,7.8,144,100.7,33.6,2021:05:23 22:34:39 EEST +0300
88,99.9,7.8,144,102.0,33.6,2021:05:23 22:34:39 EEST +0300
89,99.9,7.8,145,99.9,33.6,2021:05:23 22:34:39 EEST +0300
90,99.4,7.8,145,100.8,33.6,2021:05:23 22:34:39 EEST +0300
91,100.4,7.8,145,101.8,33.6,2021:05:23 22:34:39 EEST +0300
92,99.6,7.8,145,99.6,33.6,2021:05:23 22:34:39 EEST +0300
93,99.6,7.8,145,101.0,33.6,2021:05:23 22:34:39 EEST +0300
94,100.5,7.8,145,102.6,33.6,2021:05:23 22:34:39 EEST +0300
95,99.8,7.8,145,102.0,33.6,2021:05:23 22:34:39 EEST +0300
96,99.7,7.8,145,100.4,33.6,2021:05:23 22:34:39 EEST +0300
97,99.7,7.8,145,101.1,33.6,2021:05:23 22:34:39 EEST +0300
98,99.7,7.8,145,100.4,33.6,2021:05:23 22:34:39 EEST +0300
99,99.5,7.8,145,100.2,33.6,2021:05:23 22:34:39 EEST +0300
100,99.7,7.8,145,101.1,33.6,2021:05:23 22:34:39 EEST +0300
101,99.7,7.8,145,100.4,33.6,2021:05:23 22:34:39 EEST +0300
102,99.7,7.8,145,102.5,33.6,2021:05:23 22:34:39 EEST +0300
103,99.8,7.8,145,102.0,33.6,2021:05:23 22:34:39 EEST +0300
104,99.7,7.8,145,101.8,33.6,2021:05:23 22:34:39 EEST +0300
105,100.4,7.8,145,101.1,33.6,2021:05:23 22:34:39 EEST +0300
106,99.7,7.8,145,101.8,33.6,2021:05:23 22:34:39 EEST +0300
107,99.7,7.8,145,100.4,33.6,2021:05:23 22:34:39 EEST +0300
108,99.7,7.8,145,101.1,33.6,2021:05:23 22:34:39 EEST +0300
109,99.6,7.8,145,100.3,33.6,2021:05:23 22:34:39 EEST +0300
110,100.4,7.8,145,101.8,33.6,2021:05:23 22:34:39 EEST +0300
111,99.7,7.8,145,100.4,33.6,2021:05:23 22:34:39 EEST +0300
112,99.7,7.8,145,101.1,33.6,2021:05:23 22:34:39 EEST +0300
113,99.7,7.8,145,101.8,33.6,2021:05:23 22:34:39 EEST +0300
114,99.7,7.8,145,100.4,33.6,2021:05:23 22:34:39 EEST +0300
115,100.2,7.8,145,101.6,33.6,2021:05:23 22:34:39 EEST +0300
116,99.8,7.8,145,100.5,33.6,2021:05:23 22:34:39 EEST +0300
117,99.7,7.8,145,101.8,33.6,2021:05:23 22:34:39 EEST +0300
118,99.8,7.8,145,100.5,33.6,2021:05:23 22:34:39 EEST +0300
119,100.5,7.8,145,101.2,33.6,2021:05:23 22:34:39 EEST +0300
120,99.7,7.8,145,100.4,33.6,2021:05:23 22:34:39 EEST +0300
121,99.6,7.8,145,101.0,33.6,2021:05:23 22:34:39 EEST +0300
122,99.8,7.8,145,101.9,33.6,2021:05:23 22:34:39 EEST +0300
123,99.8,7.8,145,99.8,33.6,2021:05:23 22:34:39 EEST +0300
124,99.7,7.8,145,101.1,33.6,2021:05:23 22:34:39 EEST +0300
125,100.3,7.8,145,101.0,33.6,2021:05:23 22:34:39 EEST +0300
126,100.4,7.8,145,101.8,33.6,2021:05:23 22:34:39 EEST +0300
127,99.8,7.8,145,101.9,33.6,2021:05:23 22:34:39 EEST +0300
128,99.6,7.8,145,100.3,33.6,2021:05:23 22:34:39 EEST +0300
129,99.6,7.8,145,101.0,33.6,2021:05:23 22:34:39 EEST +0300
130,99.7,7.8,145,100.4,33.6,2021:05:23 22:34:39 EEST +0300
131,100.2,7.8,145,102.3,33.6,2021:05:23 22:34:39 EEST +0300
132,99.8,7.8,145,100.5,33.6,2021:05:23 22:34:39 EEST +0300
133,99.7,7.8,145,100.4,33.6,2021:05:23 22:34:39 EEST +0300
134,100.4,7.8,145,101.8,33.6,2021:05:23 22:34:39 EEST +0300
135,99.6,7.8,145,101.7,33.6,2021:05:23 22:34:39 EEST +0300
136,99.6,7.8,145,100.3,33.6,2021:05:23 22:34:39 EEST +0300
137,100.2,7.8,145,100.9,33.6,2021:05:23 22:34:39 EEST +0300
138,100.0,7.8,145,102.1,33.6,2021:05:23 22:34:39 EEST +0300
139,99.7,7.8,145,99.7,33.6,2021:05:23 22:34:39 EEST +0300
140,99.6,7.8,145,101.7,33.6,2021:05:23 22:34:39 EEST +0300
141,99.8,7.8,145,101.9,33.6,2021:05:23 22:34:39 EEST +0300
142,100.1,7.8,145,100.1,33.6,2021:05:23 22:34:39 EEST +0300
143,99.6,7.8,145,101.0,33.6,2021:05:23 22:34:39 EEST +0300
144,100.4,7.8,144,102.5,33.6,2021:05:23 22:34:39 EEST +0300
145,99.6,7.8,144,101.0,33.6,2021:05:23 22:34:39 EEST +0300
146,99.8,7.8,144,102.1,33.6,2021:05:23 22:34:39 EEST +0300
147,99.7,7.8,144,100.5,33.6,2021:05:23 22:34:39 EEST +0300
148,100.4,7.8,144,101.8,33.6,2021:05:23 22:34:39 EEST +0300
149,99.6,7.8,144,100.3,33.6,2021:05:23 22:34:39 EEST +0300
150,99.8,7.8,144,101.3,33.6,2021:05:23 22:34:39 EEST +0300
151,99.7,7.8,144,100.4,33.6,2021:05:23 22:34:39 EEST +0300
152,99.7,7.8,144,101.1,33.6,2021:05:23 22:34:39 EEST +0300
153,100.0,7.8,144,101.4,33.6,2021:05:23 22:34:39 EEST +0300
154,99.6,7.8,144,99.6,33.6,2021:05:23 22:34:39 EEST +0300
155,99.7,7.8,145,101.8,33.6,2021:05:23 22:34:39 EEST +0300
156,100.5,7.8,145,101.9,33.6,2021:05:23 22:34:39 EEST +0300
157,99.6,7.8,145,100.3,33.6,2021:05:23 22:34:39 EEST +0300
158,99.7,7.8,145,101.8,33.6,2021:05:23 22:34:39 EEST +0300
159,99.8,7.8,145,101.2,33.6,2021:05:23 22:34:39 EEST +0300
160,100.2,7.8,145,100.2,33.6,2021:05:23 22:34:39 EEST +0300
161,99.8,7.8,145,101.2,33.6,2021:05:23 22:34:39 EEST +0300
162,99.7,7.8,145,101.1,33.6,2021:05:23 22:34:39 EEST +0300
163,100.2,7.8,145,101.6,33.6,2021:05:23 22:34:39 EEST +0300
164,99.8,7.8,145,100.5,33.6,2021:05:23 22:34:39 EEST +0300
165,99.7,7.8,145,101.9,33.6,2021:05:23 22:34:39 EEST +0300
166,99.7,7.8,145,102.5,33.6,2021:05:23 22:34:39 EEST +0300
167,99.8,7.8,145,99.8,33.6,2021:05:23 22:34:39 EEST +0300
168,99.4,7.8,145,101.5,33.6,2021:05:23 22:34:39 EEST +0300
169,99.7,7.8,145,100.4,33.6,2021:05:23 22:34:39 EEST +0300
170,100.2,7.8,145,100.9,33.6,2021:05:23 22:34:39 EEST +0300
171,99.7,7.8,145,102.5,33.6,2021:05:23 22:34:39 EEST +0300
172,99.7,7.8,145,100.4,33.6,2021:05:23 22:34:39 EEST +0300
173,99.7,7.8,145,99.7,33.6,2021:05:23 22:34:39 EEST +0300
174,100.6,7.8,145,102.0,33.6,2021:05:23 22:34:39 EEST +0300
175,99.5,7.8,145,102.3,33.6,2021:05:23 22:34:39 EEST +0300
176,99.8,7.8,145,100.5,33.6,2021:05:23 22:34:39 EEST +0300
177,100.1,7.8,145,102.2,33.6,2021:05:23 22:34:39 EEST +0300
178,99.9,7.8,145,102.0,33.6,2021:05:23 22:34:39 EEST +0300
179,100.0,7.8,145,101.4,33.6,2021:05:23 22:34:39 EEST +0300
180,99.4,7.8,145,99.4,33.6,2021:05:23 22:34:39 EEST +0300
181,99.7,7.8,145,100.4,33.6,2021:05:23 22:34:39 EEST +0300
182,99.6,7.8,146,101.0,33.6,2021:05:23 22:34:39 EEST +0300
183,100.2,7.8,146,101.6,33.6,2021:05:23 22:34:39 EEST +0300
184,100.2,7.8,146,102.3,33.6,2021:05:23 22:34:39 EEST +0300
185,99.5,7.8,146,100.2,33.6,2021:05:23 22:34:39 EEST +0300
186,99.7,7.8,146,100.4,33.6,2021:05:23 22:34:39 EEST +0300
187,100.0,7.8,146,100.7,33.6,2021:05:23 22:34:39 EEST +0300
188,100.2,7.8,146,102.3,33.6,2021:05:23 22:34:39 EEST +0300
189,99.8,7.8,146,101.2,33.6,2021:05:23 22:34:39 EEST +0300
190,99.9,7.8,146,99.9,33.6,2021:05:23 22:34:39 EEST +0300
191,99.4,7.8,146,100.8,33.6,2021:05:23 22:34:39 EEST +0300
192,99.8,7.8,146,102.6,33.6,2021:05:23 22:34:39 EEST +0300
193,100.4,7.8,145,101.1,33.6,2021:05:23 22:34:39 EEST +0300
194,99.6,7.8,145,99.6,33.6,2021:05:23 22:34:39 EEST +0300
195,100.0,7.8,145,102.2,33.6,2021:05:23 22:34:39 EEST +0300
196,99.7,7.8,145,101.1,33.6,2021:05:23 22:34:39 EEST +0300
197,100.3,7.8,145,101.0,33.6,2021:05:23 22:34:39 EEST +0300
198,99.8,7.8,145,101.9,33.6,2021:05:23 22:34:39 EEST +0300
199,99.5,7.8,145,100.9,33.6,2021:05:23 22:34:39 EEST +0300
200,99.9,7.8,145,102.0,33.6,2021:05:23 22:34:39 EEST +0300
201,99.8,7.8,145,100.5,33.6,2021:05:23 22:34:39 EEST +0300
202,100.0,7.8,145,101.4,33.6,2021:05:23 22:34:39 EEST +0300
203,100.0,7.8,145,100.7,33.6,2021:05:23 22:34:39 EEST +0300
204,100.1,7.8,145,103.6,33.6,2021:05:23 22:34:39 EEST +0300
205,99.8,7.8,145,100.5,33.6,2021:05:23 22:34:39 EEST +0300
206,99.6,7.8,145,100.3,33.6,2021:05:23 22:34:39 EEST +0300
207,99.6,7.8,145,100.3,33.6,2021:05:23 22:34:39 EEST +0300
208,100.4,7.8,145,101.8,33.6,2021:05:23 22:34:39 EEST +0300
209,99.6,7.8,145,101.0,33.6,2021:05:23 22:34:39 EEST +0300
210,100.1,7.8,145,102.2,33.6,2021:05:23 22:34:39 EEST +0300
211,99.6,7.8,145,99.6,33.6,2021:05:23 22:34:39 EEST +0300
212,100.0,7.8,145,101.4,33.6,2021:05:23 22:34:39 EEST +0300
213,99.3,7.8,145,102.1,33.6,2021:05:23 22:34:39 EEST +0300
214,100.3,7.8,145,100.3,33.6,2021:05:23 22:34:39 EEST +0300
215,99.4,7.8,145,100.8,33.6,2021:05:23 22:34:39 EEST +0300
216,100.4,7.8,145,101.1,33.6,2021:05:23 22:34:39 EEST +0300
217,99.3,7.8,146,100.7,33.6,2021:05:23 22:34:39 EEST +0300
218,99.5,7.8,146,101.0,33.6,2021:05:23 22:34:39 EEST +0300
219,100.0,7.8,146,101.4,33.6,2021:05:23 22:34:39 EEST +0300
220,100.1,7.8,146,101.5,33.6,2021:05:23 22:34:39 EEST +0300
221,99.6,7.8,146,101.7,33.6,2021:05:23 22:34:39 EEST +0300
222,99.3,7.8,146,102.1,33.6,2021:05:23 22:34:39 EEST +0300
223,99.9,7.8,146,100.6,33.6,2021:05:23 22:34:39 EEST +0300
224,100.4,7.8,146,102.5,33.6,2021:05:23 22:34:39 EEST +0300
225,99.5,7.8,146,100.9,33.6,2021:05:23 22:34:39 EEST +0300
226,100.0,7.8,146,100.7,33.6,2021:05:23 22:34:39 EEST +0300
227,99.5,7.8,145,100.2,33.6,2021:05:23 22:34:39 EEST +0300
228,100.1,7.8,146,100.8,33.6,2021:05:23 22:34:39 EEST +0300
229,100.0,7.8,146,102.1,33.6,2021:05:23 22:34:39 EEST +0300
230,99.6,7.8,146,100.3,33.6,2021:05:23 22:34:39 EEST +0300
231,100.6,7.8,146,102.0,33.6,2021:05:23 22:34:39 EEST +0300
232,99.8,7.8,146,101.9,33.6,2021:05:23 22:34:39 EEST +0300
233,99.9,7.8,146,101.3,33.6,2021:05:23 22:34:39 EEST +0300
234,100.0,7.8,146,100.7,33.6,2021:05:23 22:34:39 EEST +0300
235,99.1,7.8,146,101.2,33.6,2021:05:23 22:34:39 EEST +0300
236,99.8,7.8,146,101.2,33.6,2021:05:23 22:34:39 EEST +0300
237,100.2,7.8,146,102.3,33.6,2021:05:23 22:34:39 EEST +0300
238,99.9,7.8,146,102.0,33.6,2021:05:23 22:34:39 EEST +0300
239,99.8,7.8,146,100.5,33.6,2021:05:23 22:34:39 EEST +0300
240,99.3,7.8,146,100.0,33.6,2021:05:23 22:34:39 EEST +0300
241,100.8,7.8,146,102.9,33.6,2021:05:23 22:34:39 EEST +0300
242,99.5,7.8,146,100.9,33.6,2021:05:23 22:34:39 EEST +0300
243,99.7,7.8,146,99.7,33.6,2021:05:23 22:34:39 EEST +0300
244,100.2,7.8,146,100.9,33.6,2021:05:23 22:34:39 EEST +0300
245,100.0,7.8,146,102.1,33.6,2021:05:23 22:34:39 EEST +0300
246,99.9,7.8,146,99.9,33.6,2021:05:23 22:34:39 EEST +0300
247,99.4,7.8,146,102.9,33.6,2021:05:23 22:34:39 EEST +0300
248,99.8,7.8,146,100.5,33.6,2021:05:23 22:34:39 EEST +0300
249,100.3,7.8,146,101.7,33.6,2021:05:23 22:34:39 EEST +0300
250,99.4,7.8,146,100.8,33.6,2021:05:23 22:34:39 EEST +0300
251,100.2,7.8,146,101.6,33.6,2021:05:23 22:34:39 EEST +0300
252,99.4,7.8,146,100.8,33.6,2021:05:23 22:34:39 EEST +0300
253,100.0,7.8,146,101.4,33.6,2021:05:23 22:34:39 EEST +0300
254,100.0,7.8,146,102.1,33.6,2021:05:23 22:34:39 EEST +0300
255,100.0,7.8,146,100.7,33.6,2021:05:23 22:34:39 EEST +0300
256,99.9,7.8,146,100.6,33.6,2021:05:23 22:34:39 EEST +0300
257,99.5,7.8,146,100.2,33.6,2021:05:23 22:34:39 EEST +0300
258,99.8,7.8,146,104.0,33.6,2021:05:23 22:34:39 EEST +0300
259,99.9,7.8,146,100.6,33.6,2021:05:23 22:34:39 EEST +0300
260,100.0,7.8,146,100.7,33.6,2021:05:23 22:34:39 EEST +0300
261,99.5,7.8,146,100.2,33.6,2021:05:23 22:34:39 EEST +0300
262,100.0,7.8,146,101.4,33.6,2021:05:23 22:34:39 EEST +0300
263,99.6,7.8,146,101.7,33.6,2021:05:23 22:34:39 EEST +0300
264,99.9,7.8,146,99.9,33.6,2021:05:23 22:34:39 EEST +0300
265,99.4,7.8,146,102.2,33.6,2021:05:23 22:34:39 EEST +0300
266,100.6,7.8,146,102.0,33.6,2021:05:23 22:34:39 EEST +0300
267,99.5,7.8,146,100.2,33.6,2021:05:23 22:34:39 EEST +0300
268,99.5,7.8,146,100.2,33.6,2021:05:23 22:34:39 EEST +0300
269,100.1,7.8,146,100.8,33.6,2021:05:23 22:34:39 EEST +0300
270,100.3,7.8,146,103.1,33.6,2021:05:23 22:34:39 EEST +0300
271,99.2,7.8,146,99.2,33.6,2021:05:23 22:34:39 EEST +0300
272,100.1,7.8,146,101.5,33.6,2021:05:23 22:34:39 EEST +0300
273,99.5,7.8,146,100.2,33.6,2021:05:23 22:34:39 EEST +0300
274,99.7,7.8,146,102.5,33.6,2021:05:23 22:34:39 EEST +0300
275,100.4,7.8,146,100.4,33.6,2021:05:23 22:34:39 EEST +0300
276,99.4,7.8,146,100.8,33.6,2021:05:23 22:34:39 EEST +0300
277,99.8,7.8,146,100.5,33.6,2021:05:23 22:34:39 EEST +0300
278,99.8,7.8,146,100.5,33.6,2021:05:23 22:34:39 EEST +0300
279,100.1,7.8,146,102.2,33.6,2021:05:23 22:34:39 EEST +0300
280,99.7,7.8,146,101.1,33.6,2021:05:23 22:34:39 EEST +0300
281,100.0,7.8,146,101.4,33.6,2021:05:23 22:34:39 EEST +0300
282,100.3,7.8,146,101.7,33.6,2021:05:23 22:34:39 EEST +0300
283,99.7,7.8,146,101.8,33.6,2021:05:23 22:34:39 EEST +0300
284,99.7,7.8,146,101.1,33.6,2021:05:23 22:34:39 EEST +0300
285,99.7,7.8,146,99.7,33.6,2021:05:23 22:34:39 EEST +0300
286,100.2,7.8,146,101.6,33.6,2021:05:23 22:34:39 EEST +0300
287,99.5,7.8,146,100.9,33.6,2021:05:23 22:34:39 EEST +0300
288,100.1,7.8,146,102.2,33.6,2021:05:23 22:34:39 EEST +0300
289,99.5,7.8,146,99.5,33.6,2021:05:23 22:34:39 EEST +0300
290,99.7,7.8,146,101.8,33.6,2021:05:23 22:34:39 EEST +0300
291,100.5,7.8,146,101.9,33.6,2021:05:23 22:34:39 EEST +0300
292,99.3,7.8,146,100.7,33.6,2021:05:23 22:34:39 EEST +0300
293,99.9,7.8,146,100.6,33.6,2021:05:23 22:34:39 EEST +0300
294,100.1,7.8,146,100.8,33.6,2021:05:23 22:34:39 EEST +0300
295,99.4,7.8,146,101.5,33.6,2021:05:23 22:34:39 EEST +0300
296,100.1,7.8,146,100.8,33.6,2021:05:23 22:34:39 EEST +0300
297,100.1,7.8,146,101.5,33.6,2021:05:23 22:34:39 EEST +0300
298,99.4,7.8,146,101.5,33.6,2021:05:23 22:34:39 EEST +0300
299,100.3,7.8,146,102.4,33.6,2021:05:23 22:34:39 EEST +0300
300,99.3,7.8,146,99.3,33.6,2021:05:23 22:34:39 EEST +0300
301,99.9,7.8,146,101.3,33.6,2021:05:23 22:34:39 EEST +0300
302,100.3,7.8,146,101.7,33.6,2021:05:23 22:34:39 EEST +0300
303,99.8,7.8,146,101.9,33.6,2021:05:23 22:34:39 EEST +0300
304,99.4,7.8,146,100.1,33.6,2021:05:23 22:34:39 EEST +0300
305,99.8,7.8,146,100.5,33.6,2021:05:23 22:34:39 EEST +0300
306,100.2,7.8,146,100.9,33.6,2021:05:23 22:34:39 EEST +0300
307,99.4,7.8,146,101.5,33.6,2021:05:23 22:34:39 EEST +0300
308,100.0,7.8,146,101.4,33.6,2021:05:23 22:34:39 EEST +0300
309,100.2,7.8,146,100.9,33.6,2021:05:23 22:34:39 EEST +0300
310,99.5,7.8,146,100.9,33.6,2021:05:23 22:34:39 EEST +0300
311,99.8,7.8,146,100.5,33.6,2021:05:23 22:34:39 EEST +0300
312,99.7,7.8,145,101.1,33.6,2021:05:23 22:34:39 EEST +0300
313,99.8,7.8,145,101.9,33.6,2021:05:23 22:34:39 EEST +0300
314,100.2,7.8,145,100.9,33.6,2021:05:23 22:34:39 EEST +0300
315,99.2,7.8,145,100.6,33.6,2021:05:23 22:34:39 EEST +0300
316,100.1,7.8,145,102.2,33.6,2021:05:23 22:34:39 EEST +0300
317,99.8,7.8,145,101.2,33.6,2021:05:23 22:34:39 EEST +0300
318,100.0,7.8,146,100.0,33.6,2021:05:23 22:34:39 EEST +0300
319,100.0,7.8,146,101.4,33.6,2021:05:23 22:34:39 EEST +0300
320,99.4,7.8,146,101.5,33.6,2021:05:23 22:34:39 EEST +0300
321,99.9,7.8,146,102.0,33.6,2021:05:23 22:34:39 EEST +0300
322,99.8,7.8,146,101.2,33.6,2021:05:23 22:34:39 EEST +0300
323,100.2,7.8,146,101.6,33.6,2021:05:23 22:34:39 EEST +0300
324,100.3,7.8,146,102.4,33.6,2021:05:23 22:34:39 EEST +0300
325,99.1,7.8,146,99.1,33.6,2021:05:23 22:34:39 EEST +0300
326,100.3,7.8,146,103.1,33.6,2021:05:23 22:34:39 EEST +0300
327,99.4,7.8,146,100.1,33.6,2021:05:23 22:34:39 EEST +0300
328,100.2,7.8,146,101.6,33.6,2021:05:23 22:34:39 EEST +0300
329,99.7,7.8,146,100.4,33.6,2021:05:23 22:34:39 EEST +0300
330,99.9,7.8,146,100.6,33.6,2021:05:23 22:34:39 EEST +0300
331,99.5,7.8,146,102.3,33.6,2021:05:23 22:34:39 EEST +0300
332,100.1,7.8,146,100.8,33.6,2021:05:23 22:34:39 EEST +0300
333,99.5,7.8,146,100.9,33.6,2021:05:23 22:34:39 EEST +0300
334,100.3,7.8,146,101.7,33.6,2021:05:23 22:34:39 EEST +0300
335,99.9,7.8,146,102.0,33.6,2021:05:23 22:34:39 EEST +0300
336,99.8,7.8,146,100.5,33.6,2021:05:23 22:34:39 EEST +0300
337,99.4,7.8,146,100.1,33.6,2021:05:23 22:34:39 EEST +0300
338,100.4,7.8,146,101.1,33.6,2021:05:23 22:34:39 EEST +0300
339,99.9,7.8,146,100.6,33.6,2021:05:23 22:34:39 EEST +0300
340,100.4,7.8,146,104.6,33.6,2021:05:23 22:34:39 EEST +0300
341,99.3,7.8,146,100.7,33.6,2021:05:23 22:34:39 EEST +0300
342,99.7,7.8,146,101.1,33.6,2021:05:23 22:34:39 EEST +0300
343,100.5,7.8,146,100.5,33.6,2021:05:23 22:34:39 EEST +0300
344,99.9,7.8,146,102.0,33.6,2021:05:23 22:34:39 EEST +0300
345,99.5,7.8,146,100.2,33.6,2021:05:23 22:34:39 EEST +0300
346,99.9,7.8,146,102.0,33.6,2021:05:23 22:34:39 EEST +0300
347,99.5,7.8,146,100.2,33.6,2021:05:23 22:34:39 EEST +0300
348,99.8,7.8,146,101.9,33.6,2021:05:23 22:34:39 EEST +0300
349,100.4,7.8,146,101.8,33.6,2021:05:23 22:34:39 EEST +0300
350,99.2,7.8,146,99.2,33.6,2021:05:23 22:34:39 EEST +0300
351,100.3,7.8,146,102.4,33.6,2021:05:23 22:34:39 EEST +0300
352,99.7,7.8,146,101.8,33.6,2021:05:23 22:34:39 EEST +0300
353,100.2,7.8,146,101.6,33.6,2021:05:23 22:34:39 EEST +0300
354,99.1,7.8,146,100.5,33.6,2021:05:23 22:34:39 EEST +0300
355,100.3,7.8,146,101.7,33.6,2021:05:23 22:34:39 EEST +0300
356,99.8,7.8,146,101.2,33.6,2021:05:23 22:34:39 EEST +0300
357,99.5,7.8,146,100.9,33.6,2021:05:23 22:34:39 EEST +0300
358,99.8,7.8,146,101.2,33.6,2021:05:23 22:34:39 EEST +0300
359,100.0,7.8,146,101.4,33.6,2021:05:23 22:34:39 EEST +0300
360,100.2,7.8,146,101.6,33.6,2021:05:23 22:34:39 EEST +0300
361,99.9,7.8,146,100.6,33.6,2021:05:23 22:34:39 EEST +0300
362,99.2,7.8,146,100.6,33.6,2021:05:23 22:34:39 EEST +0300
363,100.3,7.8,146,101.0,33.6,2021:05:23 22:34:39 EEST +0300
364,99.8,7.8,146,100.5,33.6,2021:05:23 22:34:39 EEST +0300
365,99.6,7.8,146,101.7,33.6,2021:05:23 22:34:39 EEST +0300
366,100.3,7.8,146,101.0,33.6,2021:05:23 22:34:39 EEST +0300
367,99.3,7.8,146,100.7,33.6,2021:05:23 22:34:39 EEST +0300
368,100.5,7.8,146,101.9,33.6,2021:05:23 22:34:39 EEST +0300
369,99.6,7.8,146,101.7,33.6,2021:05:23 22:34:39 EEST +0300
370,99.6,7.8,146,101.0,33.6,2021:05:23 22:34:39 EEST +0300
371,99.7,7.8,146,100.4,33.6,2021:05:23 22:34:39 EEST +0300
372,100.4,7.8,146,101.8,33.6,2021:05:23 22:34:39 EEST +0300
373,99.7,7.8,146,101.1,33.6,2021:05:23 22:34:39 EEST +0300
374,99.8,7.8,146,101.9,33.6,2021:05:23 22:34:39 EEST +0300
375,100.1,7.8,146,101.5,33.6,2021:05:23 22:34:39 EEST +0300
376,99.6,7.8,146,100.3,33.6,2021:05:23 22:34:39 EEST +0300
377,99.9,7.8,146,101.3,33.6,2021:05:23 22:34:39 EEST +0300
378,100.0,7.8,146,100.7,33.6,2021:05:23 22:34:39 EEST +0300
379,99.3,7.8,146,100.7,33.6,2021:05:23 22:34:39 EEST +0300
380,99.8,7.8,146,100.5,33.6,2021:05:23 22:34:39 EEST +0300
381,99.8,7.8,146,101.2,33.6,2021:05:23 22:34:39 EEST +0300
382,100.0,7.8,146,101.4,33.6,2021:05:23 22:34:39 EEST +0300
383,100.1,7.8,146,102.2,33.6,2021:05:23 22:34:39 EEST +0300
384,99.8,7.8,145,100.5,33.6,2021:05:23 22:34:39 EEST +0300
385,99.5,7.8,145,102.3,33.6,2021:05:23 22:34:39 EEST +0300
386,99.9,7.8,145,100.6,33.6,2021:05:23 22:34:39 EEST +0300
387,100.0,7.8,145,100.7,33.6,2021:05:23 22:34:39 EEST +0300
388,99.8,7.8,145,100.5,33.6,2021:05:23 22:34:39 EEST +0300
389,99.8,7.8,145,101.9,33.6,2021:05:23 22:34:39 EEST +0300
390,100.1,7.8,145,100.8,33.6,2021:05:23 22:34:39 EEST +0300
391,99.6,7.8,145,100.3,33.6,2021:05:23 22:34:39 EEST +0300
392,99.6,7.8,145,101.7,33.6,2021:05:23 22:34:39 EEST +0300
393,100.1,7.8,145,101.5,33.6,2021:05:23 22:34:39 EEST +0300
394,99.1,7.8,145,100.5,33.6,2021:05:23 22:34:39 EEST +0300
395,100.3,7.8,145,101.7,33.6,2021:05:23 22:34:39 EEST +0300
396,99.7,7.8,145,101.8,33.6,2021:05:23 22:34:39 EEST +0300
397,100.0,7.8,145,102.8,33.6,2021:05:23 22:34:39 EEST +0300
398,99.8,7.8,145,100.5,33.6,2021:05:23 22:34:39 EEST +0300
399,99.7,7.8,145,99.7,33.6,2021:05:23 22:34:39 EEST +0300
400,100.3,7.8,145,101.0,33.6,2021:05:23 22:34:39 EEST +0300
401,99.6,7.8,145,101.7,33.6,2021:05:23 22:34:39 EEST +0300
402,100.1,7.8,145,101.5,33.6,2021:05:23 22:34:39 EEST +0300
403,99.8,7.8,145,100.5,33.6,2021:05:23 22:34:39 EEST +0300
404,99.9,7.8,145,100.6,33.6,2021:05:23 22:34:39 EEST +0300
405,100.2,7.8,146,101.6,33.6,2021:05:23 22:34:39 EEST +0300
406,99.7,7.8,146,99.7,33.6,2021:05:23 22:34:39 EEST +0300
407,99.7,7.8,146,101.8,33.6,2021:05:23 22:34:39 EEST +0300
408,99.9,7.8,146,103.4,33.6,2021:05:23 22:34:39 EEST +0300
409,100.2,7.8,146,101.6,33.6,2021:05:23 22:34:39 EEST +0300
410,99.4,7.8,146,100.1,33.6,2021:05:23 22:34:39 EEST +0300
411,99.9,7.8,146,100.6,33.6,2021:05:23 22:34:39 EEST +0300
412,100.1,7.8,146,101.5,33.6,2021:05:23 22:34:39 EEST +0300
413,99.9,7.8,146,102.0,33.6,2021:05:23 22:34:39 EEST +0300
414,100.1,7.8,146,102.2,33.6,2021:05:23 22:34:39 EEST +0300
415,100.0,7.8,146,100.7,33.6,2021:05:23 22:34:39 EEST +0300
416,99.5,7.8,146,100.2,33.6,2021:05:23 22:34:39 EEST +0300
417,99.8,7.8,146,102.6,33.6,2021:05:23 22:34:39 EEST +0300
418,99.3,7.8,146,100.0,33.6,2021:05:23 22:34:39 EEST +0300
419,100.6,7.8,146,102.7,33.6,2021:05:23 22:34:39 EEST +0300
420,99.6,7.8,146,99.6,33.6,2021:05:23 22:34:39 EEST +0300
421,99.5,7.8,146,100.9,33.6,2021:05:23 22:34:39 EEST +0300
422,100.0,7.8,146,102.9,33.6,2021:05:23 22:34:39 EEST +0300
423,99.7,7.8,146,101.1,33.6,2021:05:23 22:34:39 EEST +0300
424,100.1,7.8,146,101.5,33.6,2021:05:23 22:34:39 EEST +0300
425,100.0,7.8,146,101.4,33.6,2021:05:23 22:34:39 EEST +0300
426,99.5,7.8,146,101.6,33.6,2021:05:23 22:34:39 EEST +0300
427,99.7,7.8,146,100.4,33.6,2021:05:23 22:34:39 EEST +0300
428,100.0,7.8,146,100.7,33.6,2021:05:23 22:34:39 EEST +0300
429,100.2,7.8,146,102.3,33.6,2021:05:23 22:34:39 EEST +0300
430,99.4,7.8,146,100.8,33.6,2021:05:23 22:34:39 EEST +0300
431,100.0,7.8,146,100.0,33.6,2021:05:23 22:34:39 EEST +0300
432,100.1,7.8,147,101.5,33.6,2021:05:23 22:34:39 EEST +0300
433,99.2,7.8,147,101.3,33.6,2021:05:23 22:34:39 EEST +0300
434,100.3,7.8,147,101.0,33.6,2021:05:23 22:34:39 EEST +0300
435,99.6,7.8,147,101.7,33.6,2021:05:23 22:34:39 EEST +0300
436,99.6,7.8,147,101.0,33.6,2021:05:23 22:34:39 EEST +0300
437,99.9,7.8,147,102.0,33.6,2021:05:23 22:34:39 EEST +0300
438,100.5,7.8,147,100.5,33.6,2021:05:23 22:34:39 EEST +0300
439,99.4,7.8,147,101.5,33.6,2021:05:23 22:34:39 EEST +0300
440,99.7,7.8,147,100.4,33.6,2021:05:23 22:34:39 EEST +0300
441,99.8,7.8,147,102.6,33.6,2021:05:23 22:34:39 EEST +0300
442,99.8,7.8,147,101.2,33.6,2021:05:23 22:34:39 EEST +0300
443,100.2,7.8,147,102.3,33.6,2021:05:23 22:34:39 EEST +0300
444,99.4,7.8,146,100.1,33.6,2021:05:23 22:34:39 EEST +0300
445,99.7,7.8,146,101.1,33.6,2021:05:23 22:34:39 EEST +0300
446,99.6,7.8,146,101.0,33.6,2021:05:23 22:34:39 EEST +0300
447,99.9,7.8,145,101.3,33.6,2021:05:23 22:34:39 EEST +0300
448,100.0,7.8,146,100.7,33.6,2021:05:23 22:34:39 EEST +0300
449,99.9,7.8,146,100.6,33.6,2021:05:23 22:34:39 EEST +0300
450,100.0,7.8,146,101.4,33.6,2021:05:23 22:34:39 EEST +0300
451,100.1,7.8,146,100.8,33.6,2021:05:23 22:34:39 EEST +0300
452,99.9,7.8,146,104.1,33.6,2021:05:23 22:34:39 EEST +0300
453,99.7,7.8,146,101.1,33.6,2021:05:23 22:34:39 EEST +0300
454,99.7,7.8,146,101.8,33.6,2021:05:23 22:34:39 EEST +0300
455,100.0,7.8,146,100.7,33.6,2021:05:23 22:34:39 EEST +0300
456,99.4,7.8,146,100.1,33.6,2021:05:23 22:34:39 EEST +0300
457,100.1,7.8,146,102.2,33.6,2021:05:23 22:34:39 EEST +0300
458,99.9,7.8,146,101.3,33.6,2021:05:23 22:34:39 EEST +0300
459,99.3,7.8,146,100.0,33.6,2021:05:23 22:34:39 EEST +0300
460,99.8,7.8,146,99.8,33.6,2021:05:23 22:34:39 EEST +0300
461,100.3,7.8,146,103.9,33.6,2021:05:23 22:34:39 EEST +0300
462,99.8,7.8,147,101.2,33.6,2021:05:23 22:34:39 EEST +0300
463,100.0,7.8,147,100.0,33.6,2021:05:23 22:34:39 EEST +0300
464,99.4,7.8,147,100.8,33.6,2021:05:23 22:34:39 EEST +0300
465,100.4,7.8,147,101.8,33.6,2021:05:23 22:34:39 EEST +0300
466,99.6,7.8,147,101.7,33.6,2021:05:23 22:34:39 EEST +0300
467,99.6,7.8,147,99.6,33.6,2021:05:23 22:34:39 EEST +0300
468,100.1,7.8,147,100.8,33.6,2021:05:23 22:34:39 EEST +0300
469,99.7,7.8,147,101.1,33.6,2021:05:23 22:34:39 EEST +0300
470,99.9,7.8,147,101.3,33.6,2021:05:23 22:34:39 EEST +0300
471,99.7,7.8,147,102.5,33.6,2021:05:23 22:34:39 EEST +0300
472,99.9,7.8,147,100.6,33.6,2021:05:23 22:34:39 EEST +0300
473,100.3,7.8,147,102.4,33.6,2021:05:23 22:34:39 EEST +0300
474,99.6,7.8,147,101.7,33.6,2021:05:23 22:34:39 EEST +0300
475,100.1,7.8,147,100.8,33.6,2021:05:23 22:34:39 EEST +0300
476,100.0,7.8,147,102.1,33.6,2021:05:23 22:34:39 EEST +0300
477,99.2,7.8,147,102.0,33.6,2021:05:23 22:34:39 EEST +0300
478,99.8,7.8,147,99.8,33.6,2021:05:23 22:34:39 EEST +0300
479,100.1,7.8,147,102.2,33.6,2021:05:23 22:34:39 EEST +0300
480,99.5,7.8,147,100.9,33.6,2021:05:23 22:34:39 EEST +0300
481,100.0,7.8,147,102.1,33.6,2021:05:23 22:34:39 EEST +0300
482,99.9,7.8,147,100.6,33.6,2021:05:23 22:34:39 EEST +0300
483,99.8,7.8,147,100.5,33.6,2021:05:23 22:34:39 EEST +0300
484,99.6,7.8,147,100.3,33.6,2021:05:23 22:34:39 EEST +0300
485,100.1,7.8,147,102.2,33.6,2021:05:23 22:34:39 EEST +0300
486,99.6,7.8,147,101.7,33.6,2021:05:23 22:34:39 EEST +0300
487,100.0,7.8,147,100.7,33.6,2021:05:23 22:34:39 EEST +0300
488,100.4,7.8,147,101.8,33.6,2021:05:23 22:34:39 EEST +0300
489,99.9,7.8,147,102.0,33.6,2021:05:23 22:34:39 EEST +0300
490,99.8,7.8,147,101.2,33.6,2021:05:23 22:34:39 EEST +0300
491,99.8,7.8,147,99.8,33.6,2021:05:23 22:34:39 EEST +0300
492,99.9,7.8,147,100.6,33.6,2021:05:23 22:34:39 EEST +0300
493,99.7,7.8,147,102.5,33.6,2021:05:23 22:34:39 EEST +0300
494,100.1,7.8,147,102.2,33.6,2021:05:23 22:34:39 EEST +0300
495,99.4,7.8,147,99.4,33.6,2021:05:23 22:34:39 EEST +0300
496,100.2,7.8,147,100.9,33.6,2021:05:23 22:34:39 EEST +0300
497,99.6,7.8,147,101.7,33.6,2021:05:23 22:34:39 EEST +0300
498,100.1,7.8,147,100.8,33.6,2021:05:23 22:34:39 EEST +0300
499,99.4,7.8,147,100.8,33.6,2021:05:23 22:34:39 EEST +0300
500,100.0,7.8,147,100.7,33.6,2021:05:23 22:34:39 EEST +0300
501,100.1,7.8,147,102.9,33.6,2021:05:23 22:34:39 EEST +0300
502,99.7,7.8,147,101.1,33.6,2021:05:23 22:34:39 EEST +0300
503,99.9,7.8,147,100.6,33.6,2021:05:23 22:34:39 EEST +0300
504,99.7,7.8,147,102.5,33.6,2021:05:23 22:34:39 EEST +0300
505,100.3,7.8,147,101.0,33.6,2021:05:23 22:34:39 EEST +0300
506,99.7,7.8,147,101.1,33.6,2021:05:23 22:34:39 EEST +0300
507,99.5,7.8,147,100.9,33.6,2021:05:23 22:34:39 EEST +0300
508,99.8,7.8,147,101.9,33.6,2021:05:23 22:34:39 EEST +0300
509,100.1,7.8,147,100.8,33.6,2021:05:23 22:34:39 EEST +0300
510,99.5,7.8,147,100.2,33.6,2021:05:23 22:34:39 EEST +0300
511,99.5,7.8,147,101.6,33.6,2021:05:23 22:34:39 EEST +0300
512,100.2,7.8,147,101.6,33.6,2021:05:23 22:34:39 EEST +0300
513,99.9,7.8,147,101.3,33.6,2021:05:23 22:34:39 EEST +0300
514,99.9,7.8,147,100.6,33.6,2021:05:23 22:34:39 EEST +0300
515,99.4,7.8,147,100.8,33.6,2021:05:23 22:34:39 EEST +0300
516,99.9,7.8,147,102.0,33.6,2021:05:23 22:34:39 EEST +0300
517,100.4,7.8,147,101.8,33.6,2021:05:23 22:34:39 EEST +0300
518,100.0,7.8,147,100.7,33.6,2021:05:23 22:34:39 EEST +0300
519,99.9,7.8,147,100.6,33.6,2021:05:23 22:34:39 EEST +0300
520,99.4,7.8,147,100.8,33.6,2021:05:23 22:34:39 EEST +0300
521,99.9,7.8,147,101.3,33.6,2021:05:23 22:34:39 EEST +0300
522,100.3,7.8,147,103.2,33.6,2021:05:23 22:34:39 EEST +0300
523,99.5,7.8,147,100.9,33.6,2021:05:23 22:34:39 EEST +0300
524,99.9,7.8,147,100.6,33.6,2021:05:23 22:34:39 EEST +0300
525,100.1,7.8,147,101.5,33.6,2021:05:23 22:34:39 EEST +0300
526,99.6,7.8,147,100.3,33.6,2021:05:23 22:34:39 EEST +0300
527,99.4,7.8,147,100.8,33.6,2021:05:23 22:34:39 EEST +0300
528,100.5,7.8,147,101.2,33.6,2021:05:23 22:34:39 EEST +0300
529,99.6,7.8,147,103.1,33.6,2021:05:23 22:34:39 EEST +0300
530,99.5,7.8,147,100.2,33.6,2021:05:23 22:34:39 EEST +0300
531,100.6,7.8,147,102.7,33.6,2021:05:23 22:34:39 EEST +0300
532,99.6,7.8,147,100.3,33.6,2021:05:23 22:34:39 EEST +0300
533,99.5,7.8,147,100.9,33.6,2021:05:23 22:34:39 EEST +0300
534,100.1,7.8,147,101.5,33.6,2021:05:23 22:34:39 EEST +0300
535,99.9,7.8,147,100.6,33.6,2021:05:23 22:34:39 EEST +0300
536,99.7,7.8,147,100.4,33.6,2021:05:23 22:34:39 EEST +0300
537,99.9,7.8,147,102.0,33.6,2021:05:23 22:34:39 EEST +0300
538,100.1,7.8,147,101.5,33.6,2021:05:23 22:34:39 EEST +0300
539,100.0,7.8,146,102.1,33.6,2021:05:23 22:34:39 EEST +0300
540,99.7,7.8,146,100.4,33.6,2021:05:23 22:34:39 EEST +0300
541,99.6,7.8,147,102.5,33.6,2021:05:23 22:34:39 EEST +0300
542,99.7,7.8,147,101.1,33.6,2021:05:23 22:34:39 EEST +0300
543,100.2,7.8,147,100.9,33.6,2021:05:23 22:34:39 EEST +0300
544,99.6,7.8,147,100.3,33.6,2021:05:23 22:34:39 EEST +0300
545,99.7,7.8,147,101.8,33.6,2021:05:23 22:34:39 EEST +0300
546,100.5,7.8,147,101.2,33.6,2021:05:23 22:34:39 EEST +0300
547,99.3,7.8,147,100.0,33.6,2021:05:23 22:34:39 EEST +0300
548,99.9,7.8,147,100.6,33.6,2021:05:23 22:34:39 EEST +0300
549,99.6,7.8,147,102.4,33.6,2021:05:23 22:34:39 EEST +0300
550,99.9,7.8,147,101.3,33.6,2021:05:23 22:34:39 EEST +0300
551,100.1,7.8,147,101.5,33.6,2021:05:23 22:34:39 EEST +0300
552,99.7,7.8,147,101.1,33.6,2021:05:23 22:34:39 EEST +0300
553,99.9,7.8,147,101.3,33.6,2021:05:23 22:34:39 EEST +0300
554,100.2,7.8,147,100.9,33.6,2021:05:23 22:34:39 EEST +0300
555,99.9,7.8,147,99.9,33.6,2021:05:23 22:34:39 EEST +0300
556,99.8,7.8,147,102.6,33.6,2021:05:23 22:34:39 EEST +0300
557,99.8,7.8,147,100.5,33.6,2021:05:23 22:34:39 EEST +0300
558,99.6,7.8,147,101.7,33.6,2021:05:23 22:34:39 EEST +0300
559,100.0,7.8,147,101.4,33.6,2021:05:23 22:34:39 EEST +0300
560,99.7,7.8,147,102.5,33.6,2021:05:23 22:34:39 EEST +0300
561,99.8,7.8,147,101.2,33.6,2021:05:23 22:34:39 EEST +0300
562,99.2,7.8,147,101.3,33.6,2021:05:23 22:34:39 EEST +0300
563,100.2,7.8,147,100.2,33.6,2021:05:23 22:34:39 EEST +0300
564,99.4,7.8,147,101.5,33.6,2021:05:23 22:34:39 EEST +0300
565,99.9,7.8,147,101.3,33.6,2021:05:23 22:34:39 EEST +0300
566,100.3,7.8,147,101.0,33.6,2021:05:23 22:34:39 EEST +0300
567,99.6,7.8,147,99.6,33.6,2021:05:23 22:34:39 EEST +0300
568,99.9,7.8,147,101.3,33.6,2021:05:23 22:34:39 EEST +0300
569,99.7,7.8,147,103.2,33.6,2021:05:23 22:34:39 EEST +0300
570,100.5,7.8,147,100.5,33.6,2021:05:23 22:34:39 EEST +0300
571,99.2,7.8,147,100.6,33.6,2021:05:23 22:34:39 EEST +0300
572,100.3,7.8,147,101.7,33.6,2021:05:23 22:34:39 EEST +0300
573,99.9,7.8,147,101.3,33.6,2021:05:23 22:34:39 EEST +0300
574,99.3,7.8,147,100.7,33.6,2021:05:23 22:34:39 EEST +0300
575,99.9,7.8,147,101.3,33.6,2021:05:23 22:34:39 EEST +0300
576,99.8,7.8,147,101.9,33.6,2021:05:23 22:34:39 EEST +0300
577,100.0,7.8,147,100.7,33.6,2021:05:23 22:34:39 EEST +0300
578,99.4,7.8,147,100.8,33.6,2021:05:23 22:34:39 EEST +0300
579,100.7,7.8,147,102.8,33.6,2021:05:23 22:34:39 EEST +0300
580,100.1,7.8,147,102.2,33.6,2021:05:23 22:34:39 EEST +0300
581,99.9,7.8,147,100.6,33.6,2021:05:23 22:34:39 EEST +0300
582,99.6,7.8,147,100.3,33.6,2021:05:23 22:34:39 EEST +0300
583,99.5,7.8,147,101.6,33.6,2021:05:23 22:34:39 EEST +0300
584,99.8,7.8,147,100.5,33.6,2021:05:23 22:34:39 EEST +0300
585,100.2,7.8,147,100.9,33.6,2021:05:23 22:34:39 EEST +0300
586,99.8,7.8,147,100.5,33.6,2021:05:23 22:34:39 EEST +0300
587,99.2,7.8,147,102.0,33.6,2021:05:23 22:34:39 EEST +0300
588,100.1,7.8,147,101.5,33.6,2021:05:23 22:34:39 EEST +0300
589,99.9,7.8,147,99.9,33.6,2021:05:23 22:34:39 EEST +0300
590,99.7,7.8,147,100.4,33.6,2021:05:23 22:34:39 EEST +0300
591,100.1,7.8,147,103.6,33.6,2021:05:23 22:34:39 EEST +0300
592,99.7,7.8,147,101.1,33.6,2021:05:23 22:34:39 EEST +0300
593,100.2,7.8,147,100.9,33.6,2021:05:23 22:34:39 EEST +0300
594,99.9,7.8,147,100.6,33.6,2021:05:23 22:34:39 EEST +0300
595,99.3,7.8,147,101.4,33.6,2021:05:23 22:34:39 EEST +0300
596,99.9,7.8,147,101.3,33.6,2021:05:23 22:34:39 EEST +0300
597,100.4,7.8,147,101.8,33.6,2021:05:23 22:34:39 EEST +0300
598,99.4,7.8,147,100.1,33.6,2021:05:23 22:34:39 EEST +0300
599,100.4,7.8,147,101.8,33.6,2021:05:23 22:34:39 EEST +0300
600,99.7,7.8,147,101.1,33.6,2021:05:23 22:34:39 EEST +0300
601,99.3,7.8,147,99.3,33.6,2021:05:23 22:34:39 EEST +0300
602,100.2,7.8,147,100.9,33.6,2021:05:23 22:34:39 EEST +0300
603,99.7,7.8,147,101.8,33.6,2021:05:23 22:34:39 EEST +0300
604,100.1,7.8,147,101.5,33.6,2021:05:23 22:34:39 EEST +0300
605,99.8,7.8,147,100.5,33.6,2021:05:23 22:34:39 EEST +0300
606,99.7,7.8,147,100.4,33.6,2021:05:23 22:34:39 EEST +0300
607,100.0,7.8,147,102.9,33.6,2021:05:23 22:34:39 EEST +0300
608,99.7,7.8,147,101.1,33.6,2021:05:23 22:34:39 EEST +0300
609,99.9,7.8,147,100.6,33.6,2021:05:23 22:34:39 EEST +0300
610,99.5,7.8,147,100.9,33.6,2021:05:23 22:34:39 EEST +0300
611,100.0,7.8,147,100.7,33.6,2021:05:23 22:34:39 EEST +0300
612,99.4,7.8,147,100.8,33.6,2021:05:23 22:34:39 EEST +0300
613,99.8,7.8,147,101.2,33.6,2021:05:23 22:34:39 EEST +0300
614,100.0,7.8,147,100.7,33.6,2021:05:23 22:34:39 EEST +0300
615,100.1,7.8,147,101.5,33.6,2021:05:23 22:34:39 EEST +0300
616,99.4,7.8,147,100.8,33.6,2021:05:23 22:34:39 EEST +0300
617,100.1,7.8,147,102.2,33.6,2021:05:23 22:34:39 EEST +0300
618,99.6,7.8,147,101.7,33.6,2021:05:23 22:34:39 EEST +0300
619,99.9,7.8,147,99.9,33.6,2021:05:23 22:34:39 EEST +0300
620,99.9,7.8,147,102.7,33.6,2021:05:23 22:34:39 EEST +0300
621,100.4,7.8,147,102.5,33.6,2021:05:23 22:34:39 EEST +0300
622,99.5,7.8,147,100.2,33.6,2021:05:23 22:34:39 EEST +0300
623,99.8,7.8,147,99.8,33.6,2021:05:23 22:34:39 EEST +0300
624,99.6,7.8,147,101.7,33.6,2021:05:23 22:34:39 EEST +0300
625,100.3,7.8,147,101.0,33.6,2021:05:23 22:34:39 EEST +0300
626,99.3,7.8,147,100.7,33.6,2021:05:23 22:34:39 EEST +0300
627,99.9,7.8,147,102.0,33.6,2021:05:23 22:34:39 EEST +0300
628,100.4,7.8,147,101.8,33.6,2021:05:23 22:34:39 EEST +0300
629,99.5,7.8,147,100.9,33.6,2021:05:23 22:34:39 EEST +0300
630,99.8,7.8,147,100.5,33.6,2021:05:23 22:34:39 EEST +0300
631,99.9,7.8,147,99.9,33.6,2021:05:23 22:34:39 EEST +0300
632,99.6,7.8,147,102.4,33.6,2021:05:23 22:34:39 EEST +0300
633,99.9,7.8,146,101.3,33.6,2021:05:23 22:34:39 EEST +0300
634,100.1,7.8,145,100.1,33.6,2021:05:23 22:34:39 EEST +0300
635,99.3,7.8,145,101.4,33.6,2021:05:23 22:34:39 EEST +0300
636,100.0,7.8,146,101.4,33.6,2021:05:23 22:34:39 EEST +0300
637,99.5,7.8,146,103.7,33.6,2021:05:23 22:34:39 EEST +0300
638,100.3,7.8,146,100.3,33.6,2021:05:23 22:34:39 EEST +0300
639,99.6,7.8,146,101.0,33.6,2021:05:23 22:34:39 EEST +0300
640,100.1,7.8,146,102.2,33.6,2021:05:23 22:34:39 EEST +0300
641,99.4,7.8,146,99.4,33.6,2021:05:23 22:34:39 EEST +0300
642,99.9,7.8,146,101.3,33.6,2021:05:23 22:34:39 EEST +0300
643,100.2,7.8,146,101.6,33.6,2021:05:23 22:34:39 EEST +0300
644,99.4,7.8,146,101.5,33.6,2021:05:23 22:34:39 EEST +0300
645,100.0,7.8,146,100.0,33.6,2021:05:23 22:34:39 EEST +0300
646,99.6,7.8,146,101.7,33.6,2021:05:23 22:34:39 EEST +0300
647,100.1,7.8,146,101.5,33.6,2021:05:23 22:34:39 EEST +0300
648,100.0,7.8,146,100.7,33.6,2021:05:23 22:34:39 EEST +0300
649,99.7,7.8,146,101.1,33.6,2021:05:23 22:34:39 EEST +0300
650,99.9,7.8,146,101.3,33.6,2021:05:23 22:34:39 EEST +0300
651,99.8,7.8,146,101.2,33.6,2021:05:23 22:34:39 EEST +0300
652,100.1,7.8,146,100.8,33.6,2021:05:23 22:34:39 EEST +0300
653,99.7,7.8,146,100.4,33.6,2021:05:23 22:34:39 EEST +0300
654,99.7,7.8,146,102.5,33.6,2021:05:23 22:34:39 EEST +0300
655,99.7,7.8,146,101.8,33.6,2021:05:23 22:34:39 EEST +0300
656,99.9,7.8,146,100.6,33.6,2021:05:23 22:34:39 EEST +0300
657,99.7,7.8,146,101.8,33.6,2021:05:23 22:34:39 EEST +0300
658,100.3,7.8,145,101.0,33.6,2021:05:23 22:34:39 EEST +0300
659,99.3,7.8,145,100.0,33.6,2021:05:23 22:34:39 EEST +0300
660,100.3,7.8,145,102.4,33.6,2021:05:23 22:34:39 EEST +0300
661,99.5,7.8,145,100.9,33.6,2021:05:23 22:34:39 EEST +0300
662,99.7,7.8,145,101.1,33.6,2021:05:23 22:34:39 EEST +0300
663,99.9,7.8,145,99.9,33.6,2021:05:23 22:34:39 EEST +0300
664,100.1,7.8,145,102.2,33.6,2021:05:23 22:34:39 EEST +0300
665,99.8,7.8,145,101.9,33.6,2021:05:23 22:34:39 EEST +0300
666,99.5,7.8,145,99.5,33.6,2021:05:23 22:34:39 EEST +0300
667,99.9,7.8,145,100.6,33.6,2021:05:23 22:34:39 EEST +0300
668,100.2,7.8,145,102.3,33.6,2021:05:23 22:34:39 EEST +0300
669,99.4,7.8,145,101.5,33.6,2021:05:23 22:34:39 EEST +0300
670,99.8,7.8,144,99.8,33.6,2021:05:23 22:34:39 EEST +0300
671,99.5,7.8,144,101.6,33.6,2021:05:23 22:34:39 EEST +0300
672,100.4,7.8,145,102.5,33.6,2021:05:23 22:34:39 EEST +0300
673,99.6,7.8,145,101.0,33.6,2021:05:23 22:34:39 EEST +0300
674,100.2,7.8,145,100.2,33.6,2021:05:23 22:34:39 EEST +0300
675,99.2,7.8,145,99.9,33.6,2021:05:23 22:34:39 EEST +0300
676,99.7,7.8,145,103.2,33.6,2021:05:23 22:34:39 EEST +0300
677,100.3,7.8,145,102.4,33.6,2021:05:23 22:34:39 EEST +0300
678,99.2,7.8,145,99.2,33.6,2021:05:23 22:34:39 EEST +0300
679,101.0,7.8,145,103.2,33.6,2021:05:23 22:34:39 EEST +0300
680,99.4,7.8,145,100.8,33.6,2021:05:23 22:34:39 EEST +0300
681,99.8,7.8,145,100.5,33.6,2021:05:23 22:34:39 EEST +0300
682,100.3,7.8,144,101.0,33.6,2021:05:23 22:34:39 EEST +0300
683,99.6,7.8,144,100.3,33.6,2021:05:23 22:34:39 EEST +0300
684,100.1,7.8,144,101.5,33.6,2021:05:23 22:34:39 EEST +0300
685,99.7,7.8,144,100.4,33.6,2021:05:23 22:34:39 EEST +0300
686,99.7,7.8,144,101.8,33.6,2021:05:23 22:34:39 EEST +0300
687,100.1,7.8,144,100.8,33.6,2021:05:23 22:34:39 EEST +0300
688,99.4,7.8,144,100.1,33.6,2021:05:23 22:34:39 EEST +0300
689,100.1,7.8,144,101.5,33.6,2021:05:23 22:34:39 EEST +0300
690,99.7,7.8,144,101.1,33.6,2021:05:23 22:34:39 EEST +0300
691,99.8,7.8,144,99.8,33.6,2021:05:23 22:34:39 EEST +0300
692,99.7,7.8,144,101.8,33.6,2021:05:23 22:34:39 EEST +0300
693,100.0,7.8,144,103.5,33.6,2021:05:23 22:34:39 EEST +0300
694,100.1,7.8,144,100.8,33.6,2021:05:23 22:34:39 EEST +0300
695,99.4,7.8,144,99.4,33.6,2021:05:23 22:34:39 EEST +0300
696,100.3,7.8,144,101.7,33.6,2021:05:23 22:34:39 EEST +0300
697,99.8,7.8,144,101.9,33.6,2021:05:23 22:34:39 EEST +0300
698,99.7,7.8,144,99.7,33.6,2021:05:23 22:34:39 EEST +0300
699,99.8,7.8,144,101.2,33.6,2021:05:23 22:34:39 EEST +0300
700,100.0,7.8,144,103.5,33.6,2021:05:23 22:34:39 EEST +0300
701,99.4,7.8,144,100.8,33.6,2021:05:23 22:34:39 EEST +0300
702,100.6,7.8,144,101.3,33.6,2021:05:23 22:34:39 EEST +0300
703,99.4,7.8,144,100.1,33.6,2021:05:23 22:34:39 EEST +0300
704,99.4,7.8,144,102.2,33.6,2021:05:23 22:34:39 EEST +0300
705,100.0,7.8,144,100.0,33.6,2021:05:23 22:34:39 EEST +0300
706,99.8,7.8,144,100.5,33.6,2021:05:23 22:34:39 EEST +0300
707,100.2,7.8,144,100.9,33.6,2021:05:23 22:34:39 EEST +0300
708,99.3,7.8,144,101.4,33.6,2021:05:23 22:34:39 EEST +0300
709,100.3,7.8,144,100.3,33.6,2021:05:23 22:34:39 EEST +0300
710,99.7,7.8,144,101.8,33.6,2021:05:23 22:34:39 EEST +0300
711,99.5,7.8,144,100.2,33.6,2021:05:23 22:34:39 EEST +0300
712,99.9,7.8,144,102.0,33.6,2021:05:23 22:34:39 EEST +0300
713,100.3,7.8,144,101.0,33.6,2021:05:23 22:34:39 EEST +0300
714,99.2,7.8,145,99.9,33.6,2021:05:23 22:34:39 EEST +0300
715,100.0,7.8,145,101.4,33.6,2021:05:23 22:34:39 EEST +0300
716,99.8,7.8,145,100.5,33.6,2021:05:23 22:34:39 EEST +0300
717,100.3,7.8,145,103.1,33.6,2021:05:23 22:34:39 EEST +0300
718,99.6,7.8,145,101.0,33.6,2021:05:23 22:34:39 EEST +0300
719,99.8,7.8,145,100.5,33.6,2021:05:23 22:34:39 EEST +0300
720,99.6,7.8,145,101.0,33.6,2021:05:23 22:34:39 EEST +0300
721,99.8,7.8,145,100.5,33.6,2021:05:23 22:34:39 EEST +0300
722,99.8,7.8,145,100.5,33.6,2021:05:23 22:34:39 EEST +0300
723,99.7,7.8,145,100.4,33.6,2021:05:23 22:34:39 EEST +0300
724,99.9,7.8,145,102.7,33.6,2021:05:23 22:34:39 EEST +0300
725,99.8,7.8,145,101.2,33.6,2021:05:23 22:34:39 EEST +0300
726,100.2,7.8,145,102.3,33.6,2021:05:23 22:34:39 EEST +0300
727,99.8,7.8,145,100.5,33.6,2021:05:23 22:34:39 EEST +0300
728,99.6,7.8,145,101.0,33.6,2021:05:23 22:34:39 EEST +0300
729,99.7,7.8,145,100.4,33.6,2021:05:23 22:34:39 EEST +0300
730,99.9,7.8,145,100.6,33.6,2021:05:23 22:34:39 EEST +0300
731,100.2,7.8,145,103.0,33.6,2021:05:23 22:34:39 EEST +0300
732,100.1,7.8,145,101.5,33.6,2021:05:23 22:34:39 EEST +0300
733,99.3,7.8,145,100.0,33.6,2021:05:23 22:34:39 EEST +0300
734,100.3,7.8,145,102.4,33.6,2021:05:23 22:34:39 EEST +0300
735,99.4,7.8,145,100.8,33.6,2021:05:23 22:34:39 EEST +0300
736,100.2,7.8,145,100.9,33.6,2021:05:23 22:34:39 EEST +0300
737,99.6,7.8,145,100.3,33.6,2021:05:23 22:34:39 EEST +0300
738,100.3,7.8,145,101.7,33.6,2021:05:23 22:34:39 EEST +0300
739,99.3,7.8,145,99.3,33.6,2021:05:23 22:34:39 EEST +0300
740,99.9,7.8,145,103.4,33.6,2021:05:23 22:34:39 EEST +0300
741,99.9,7.8,145,101.3,33.6,2021:05:23 22:34:39 EEST +0300
742,100.2,7.8,145,100.9,33.6,2021:05:23 22:34:39 EEST +0300
743,99.8,7.8,145,101.9,33.6,2021:05:23 22:34:39 EEST +0300
744,99.2,7.8,145,102.0,33.6,2021:05:23 22:34:39 EEST +0300
745,100.0,7.8,145,100.7,33.6,2021:05:23 22:34:39 EEST +0300
746,100.7,7.8,145,100.7,33.6,2021:05:23 22:34:39 EEST +0300
747,99.9,7.8,145,100.6,33.6,2021:05:23 22:34:39 EEST +0300
748,100.0,7.8,145,102.8,33.6,2021:05:23 22:34:39 EEST +0300
749,99.9,7.8,145,100.6,33.6,2021:05:23 22:34:39 EEST +0300
750,99.4,7.8,145,100.1,33.6,2021:05:23 22:34:39 EEST +0300
751,99.5,7.8,145,100.9,33.6,2021:05:23 22:34:39 EEST +0300
752,99.9,7.8,145,101.3,33.6,2021:05:23 22:34:39 EEST +0300
753,100.0,7.8,146,102.1,33.6,2021:05:23 22:34:39 EEST +0300
754,99.8,7.8,146,100.5,33.6,2021:05:23 22:34:39 EEST +0300
755,100.1,7.8,146,102.2,33.6,2021:05:23 22:34:39 EEST +0300
756,99.3,7.8,146,99.3,33.6,2021:05:23 22:34:39 EEST +0300
757,100.3,7.8,146,101.0,33.6,2021:05:23 22:34:39 EEST +0300
758,99.2,7.8,146,101.3,33.6,2021:05:23 22:34:39 EEST +0300
759,100.0,7.8,146,102.1,33.6,2021:05:23 22:34:39 EEST +0300
760,99.8,7.8,146,99.8,33.6,2021:05:23 22:34:39 EEST +0300
761,99.9,7.8,146,102.0,33.6,2021:05:23 22:34:39 EEST +0300
762,99.5,7.8,146,100.2,33.6,2021:05:23 22:34:39 EEST +0300
763,100.6,7.8,146,103.4,33.6,2021:05:23 22:34:39 EEST +0300
764,99.5,7.8,146,100.2,33.6,2021:05:23 22:34:39 EEST +0300
765,100.1,7.8,145,100.8,33.6,2021:05:23 22:34:39 EEST +0300
766,99.8,7.8,145,101.2,33.6,2021:05:23 22:34:39 EEST +0300
767,100.0,7.8,145,103.5,33.6,2021:05:23 22:34:39 EEST +0300
768,99.9,7.8,145,99.9,33.6,2021:05:23 22:34:39 EEST +0300
769,99.5,7.8,145,100.2,33.6,2021:05:23 22:34:39 EEST +0300
770,100.1,7.8,145,101.5,33.6,2021:05:23 22:34:39 EEST +0300
771,100.2,7.8,145,101.6,33.6,2021:05:23 22:34:39 EEST +0300
772,99.8,7.8,145,101.9,33.6,2021:05:23 22:34:39 EEST +0300
773,99.3,7.8,145,100.0,33.6,2021:05:23 22:34:39 EEST +0300
774,100.1,7.8,145,100.1,33.6,2021:05:23 22:34:39 EEST +0300
775,99.2,7.8,145,101.3,33.6,2021:05:23 22:34:39 EEST +0300
776,100.0,7.8,145,102.8,33.6,2021:05:23 22:34:39 EEST +0300
777,100.0,7.8,145,101.4,33.6,2021:05:23 22:34:39 EEST +0300
778,100.4,7.8,145,101.8,33.6,2021:05:23 22:34:39 EEST +0300
779,99.4,7.8,145,101.5,33.6,2021:05:23 22:34:39 EEST +0300
780,99.4,7.8,145,102.2,33.6,2021:05:23 22:34:39 EEST +0300
781,100.2,7.8,145,100.9,33.6,2021:05:23 22:34:39 EEST +0300
782,100.0,7.8,145,100.7,33.6,2021:05:23 22:34:39 EEST +0300
783,99.9,7.8,145,101.3,33.6,2021:05:23 22:34:39 EEST +0300
784,99.8,7.8,145,101.2,33.6,2021:05:23 22:34:39 EEST +0300
785,99.9,7.8,145,100.6,33.6,2021:05:23 22:34:39 EEST +0300
786,99.8,7.8,146,102.6,33.6,2021:05:23 22:34:39 EEST +0300
787,99.5,7.8,146,100.9,33.6,2021:05:23 22:34:39 EEST +0300
788,100.2,7.8,146,101.6,33.6,2021:05:23 22:34:39 EEST +0300
789,99.6,7.8,146,101.0,33.6,2021:05:23 22:34:39 EEST +0300
790,99.6,7.8,146,101.0,33.6,2021:05:23 22:34:39 EEST +0300
791,100.1,7.8,146,101.5,33.6,2021:05:23 22:34:39 EEST +0300
792,100.5,7.8,146,101.9,33.6,2021:05:23 22:34:39 EEST +0300
793,99.5,7.8,146,101.6,33.6,2021:05:23 22:34:39 EEST +0300
794,100.0,7.8,146,100.7,33.6,2021:05:23 22:34:39 EEST +0300
795,99.7,7.8,146,100.4,33.6,2021:05:23 22:34:39 EEST +0300
796,0.7,7.8,145,1.4,32.4,2021:05:23 22:34:39 EEST +0300
797,0.7,7.8,145,1.4,32.4,2021:05:23 22:34:39 EEST +0300
798,0.0,7.8,145,0.0,32.4,2021:05:23 22:34:39 EEST +0300
799,0.7,7.8,145,2.8,32.4,2021:05:23 22:34:39 EEST +0300
800,0.7,7.8,145,2.1,32.4,2021:05:23 22:34:39 EEST +0300
801,0.0,7.8,145,0.0,32.4,2021:05:23 22:34:39 EEST +0300
802,0.7,7.8,145,1.4,32.4,2021:05:23 22:34:39 EEST +0300
803,0.7,7.8,145,0.7,32.4,2021:05:23 22:34:39 EEST +0300
804,0.7,7.8,145,1.4,32.4,2021:05:23 22:34:39 EEST +0300
805,0.7,7.8,145,0.7,32.4,2021:05:23 22:34:39 EEST +0300
806,0.7,7.8,145,0.7,32.4,2021:05:23 22:34:39 EEST +0300
807,0.7,7.8,145,2.8,32.4,2021:05:23 22:34:39 EEST +0300
808,0.7,7.8,145,0.7,32.4,2021:05:23 22:34:39 EEST +0300
809,0.7,7.8,145,1.4,32.4,2021:05:23 22:34:39 EEST +0300
810,0.7,7.8,145,0.7,32.4,2021:05:23 22:34:39 EEST +0300
811,0.7,7.8,145,0.7,32.4,2021:05:23 22:34:39 EEST +0300
812,0.7,7.8,145,2.1,32.4,2021:05:23 22:34:39 EEST +0300
813,1.5,7.8,145,2.9,32.4,2021:05:23 22:34:39 EEST +0300
814,0.7,7.8,145,1.4,32.4,2021:05:23 22:34:39 EEST +0300
815,0.7,7.8,145,1.4,32.4,2021:05:23 22:34:39 EEST +0300
816,0.7,7.8,145,0.7,32.4,2021:05:23 22:34:39 EEST +0300
817,0.7,7.8,145,1.4,32.4,2021:05:23 22:34:39 EEST +0300
818,1.5,7.8,145,2.2,32.4,2021:05:23 22:34:39 EEST +0300
819,0.7,7.8,145,1.4,32.4,2021:05:23 22:34:39 EEST +0300
820,0.7,7.8,145,1.4,32.4,2021:05:23 22:34:39 EEST +0300
821,0.0,7.8,145,0.0,32.4,2021:05:23 22:34:39 EEST +0300
822,0.7,7.8,145,2.8,32.4,2021:05:23 22:34:39 EEST +0300
823,0.7,7.8,145,1.4,32.4,2021:05:23 22:34:39 EEST +0300
824,0.7,7.8,145,0.7,32.4,2021:05:23 22:34:39 EEST +0300
825,0.7,7.8,145,1.4,32.4,2021:05:23 22:34:39 EEST +0300
826,0.7,7.8,145,2.8,32.4,2021:05:23 22:34:39 EEST +0300
827,0.7,7.8,145,1.4,32.4,2021:05:23 22:34:39 EEST +0300
828,0.7,7.8,145,0.7,32.4,2021:05:23 22:34:39 EEST +0300
829,0.7,7.8,145,1.4,32.4,2021:05:23 22:34:39 EEST +0300
830,0.7,7.8,145,0.7,32.4,2021:05:23 22:34:39 EEST +0300
831,0.8,7.8,145,1.6,32.4,2021:05:23 22:34:39 EEST +0300
832,0.8,7.8,145,1.6,32.4,2021:05:23 22:34:39 EEST +0300
833,0.8,7.8,145,3.2,32.4,2021:05:23 22:34:39 EEST +0300
834,1.5,7.8,145,2.3,32.4,2021:05:23 22:34:39 EEST +0300
835,0.8,7.8,145,2.4,32.4,2021:05:23 22:34:39 EEST +0300
836,0.8,7.8,145,1.6,32.4,2021:05:23 22:34:39 EEST +0300
837,0.8,7.8,145,0.8,32.4,2021:05:23 22:34:39 EEST +0300
838,0.8,7.8,145,0.8,32.4,2021:05:23 22:34:39 EEST +0300
839,0.8,7.8,145,2.4,32.4,2021:05:23 22:34:39 EEST +0300
840,0.8,7.8,145,2.4,32.4,2021:05:23 22:34:39 EEST +0300
841,0.8,7.8,145,1.6,32.4,2021:05:23 22:34:39 EEST +0300
842,0.0,7.8,145,0.0,32.4,2021:05:23 22:34:39 EEST +0300
843,0.8,7.8,145,2.4,32.4,2021:05:23 22:34:39 EEST +0300
844,0.8,7.8,145,1.6,32.4,2021:05:23 22:34:39 EEST +0300
845,0.8,7.8,145,0.8,32.4,2021:05:23 22:34:39 EEST +0300
846,0.8,7.8,145,1.6,32.4,2021:05:23 22:34:39 EEST +0300
847,0.8,7.8,145,0.8,32.4,2021:05:23 22:34:39 EEST +0300
848,0.8,7.8,145,2.4,32.4,2021:05:23 22:34:39 EEST +0300
849,0.8,7.8,145,1.6,32.4,2021:05:23 22:34:39 EEST +0300
850,0.0,7.8,145,0.0,32.4,2021:05:23 22:34:39 EEST +0300
851,0.8,7.8,145,0.8,32.4,2021:05:23 22:34:39 EEST +0300
852,0.8,7.8,145,0.8,32.4,2021:05:23 22:34:39 EEST +0300
853,0.8,7.8,145,2.4,32.4,2021:05:23 22:34:39 EEST +0300
854,0.8,7.8,145,1.6,32.4,2021:05:23 22:34:39 EEST +0300
855,1.5,7.8,145,1.5,32.4,2021:05:23 22:34:39 EEST +0300
856,0.8,7.8,145,0.8,32.4,2021:05:23 22:34:39 EEST +0300
857,0.8,7.8,145,2.4,32.4,2021:05:23 22:34:39 EEST +0300
858,0.8,7.8,145,0.8,32.4,2021:05:23 22:34:39 EEST +0300
859,0.8,7.8,145,0.8,32.4,2021:05:23 22:34:39 EEST +0300
860,0.8,7.8,145,4.0,32.4,2021:05:23 22:34:39 EEST +0300
861,0.0,7.8,145,0.0,32.4,2021:05:23 22:34:39 EEST +0300
862,0.8,7.8,144,1.6,32.4,2021:05:23 22:34:39 EEST +0300
863,0.8,7.8,144,1.6,32.4,2021:05:23 22:34:39 EEST +0300
864,0.8,7.8,145,1.6,32.4,2021:05:23 22:34:39 EEST +0300
865,0.7,7.8,145,0.7,32.4,2021:05:23 22:34:39 EEST +0300
866,0.7,7.8,145,1.4,32.4,2021:05:23 22:34:39 EEST +0300
867,0.7,7.8,145,2.1,32.4,2021:05:23 22:34:39 EEST +0300
868,0.7,7.8,145,0.7,32.4,2021:05:23 22:34:39 EEST +0300
869,0.7,7.8,145,1.4,32.4,2021:05:23 22:34:39 EEST +0300
870,0.7,7.8,145,0.7,32.4,2021:05:23 22:34:39 EEST +0300
871,0.7,7.8,145,2.1,32.4,2021:05:23 22:34:39 EEST +0300
872,0.7,7.8,145,2.1,32.4,2021:05:23 22:34:39 EEST +0300
873,0.7,7.8,145,0.7,32.4,2021:05:23 22:34:39 EEST +0300
874,1.5,7.8,145,1.5,32.4,2021:05:23 22:34:39 EEST +0300
875,0.7,7.8,145,2.1,32.4,2021:05:23 22:34:39 EEST +0300
876,0.7,7.8,145,0.7,32.4,2021:05:23 22:34:39 EEST +0300
877,0.7,7.8,145,1.4,32.4,2021:05:23 22:34:39 EEST +0300
878,0.7,7.8,145,1.4,32.4,2021:05:23 22:34:39 EEST +0300
879,0.0,7.8,145,0.0,32.4,2021:05:23 22:34:39 EEST +0300
880,0.7,7.8,145,1.4,32.4,2021:05:23 22:34:39 EEST +0300
881,0.7,7.8,145,2.8,32.4,2021:05:23 22:34:39 EEST +0300
882,1.5,7.8,145,2.2,32.4,2021:05:23 22:34:39 EEST +0300
883,0.7,7.8,145,1.4,32.4,2021:05:23 22:34:39 EEST +0300
884,0.7,7.8,145,0.7,32.4,2021:05:23 22:34:39 EEST +0300
885,0.7,7.8,145,1.4,32.4,2021:05:23 22:34:39 EEST +0300
886,0.7,7.8,145,1.4,32.4,2021:05:23 22:34:39 EEST +0300
887,1.5,7.8,145,1.5,32.4,2021:05:23 22:34:39 EEST +0300
888,0.7,7.8,145,0.7,32.4,2021:05:23 22:34:39 EEST +0300
889,2.2,7.8,145,2.2,32.4,2021:05:23 22:34:39 EEST +0300
890,0.7,7.8,145,2.1,32.4,2021:05:23 22:34:39 EEST +0300
891,0.7,7.8,145,2.1,32.4,2021:05:23 22:34:39 EEST +0300
892,0.7,7.8,145,2.1,32.4,2021:05:23 22:34:39 EEST +0300
893,0.7,7.8,145,1.4,32.4,2021:05:23 22:34:39 EEST +0300
894,0.7,7.8,145,1.4,32.4,2021:05:23 22:34:39 EEST +0300
895,0.7,7.8,145,0.7,32.4,2021:05:23 22:34:39 EEST +0300
896,0.7,7.8,145,0.7,32.4,2021:05:23 22:34:39 EEST +0300
897,0.7,7.8,145,2.8,32.4,2021:05:23 22:34:39 EEST +0300
898,0.7,7.8,145,0.7,32.4,2021:05:23 22:34:39 EEST +0300
899,0.7,7.8,144,1.4,32.4,2021:05:23 22:34:39 EEST +0300
900,0.7,7.8,144,0.7,32.4,2021:05:23 22:34:39 EEST +0300
901,0.7,7.8,144,2.1,32.4,2021:05:23 22:34:39 EEST +0300
902,0.7,7.8,144,0.7,32.4,2021:05:23 22:34:39 EEST +0300
903,0.7,7.8,144,1.4,32.4,2021:05:23 22:34:39 EEST +0300
904,0.7,7.8,144,1.4,32.4,2021:05:23 22:34:39 EEST +0300
905,0.7,7.8,145,0.7,32.4,2021:05:23 22:34:39 EEST +0300
906,0.7,7.8,145,1.4,32.4,2021:05:23 22:34:39 EEST +0300
907,0.7,7.8,145,1.4,32.4,2021:05:23 22:34:39 EEST +0300
908,0.7,7.8,145,1.4,32.4,2021:05:23 22:34:39 EEST +0300
909,0.7,7.8,145,1.4,32.4,2021:05:23 22:34:39 EEST +0300
910,0.0,7.8,145,0.0,32.4,2021:05:23 22:34:39 EEST +0300
911,0.7,7.8,145,2.8,32.4,2021:05:23 22:34:39 EEST +0300
912,0.7,7.8,145,0.7,32.4,2021:05:23 22:34:39 EEST +0300
913,0.7,7.8,145,1.4,32.4,2021:05:23 22:34:39 EEST +0300
914,0.7,7.8,145,1.4,32.4,2021:05:23 22:34:39 EEST +0300
915,0.7,7.8,145,2.1,32.4,2021:05:23 22:34:39 EEST +0300
916,0.7,7.8,145,0.7,32.4,2021:05:23 22:34:39 EEST +0300
917,0.7,7.8,145,1.4,32.4,2021:05:23 22:34:39 EEST +0300
918,0.7,7.8,145,2.1,32.4,2021:05:23 22:34:39 EEST +0300
919,0.7,7.8,145,0.7,32.4,2021:05:23 22:34:39 EEST +0300
920,0.7,7.8,145,2.1,32.4,2021:05:23 22:34:39 EEST +0300
921,0.0,7.8,145,0.0,32.4,2021:05:23 22:34:39 EEST +0300
922,0.7,7.8,145,1.4,32.4,2021:05:23 22:34:39 EEST +0300
923,0.7,7.8,145,1.4,32.4,2021:05:23 22:34:39 EEST +0300
924,1.5,7.8,145,2.2,32.4,2021:05:23 22:34:39 EEST +0300
925,0.7,7.8,145,0.7,32.4,2021:05:23 22:34:39 EEST +0300
926,0.0,7.8,145,0.0,32.4,2021:05:23 22:34:39 EEST +0300
927,0.7,7.8,145,2.8,32.4,2021:05:23 22:34:39 EEST +0300
928,0.7,7.8,145,0.7,32.4,2021:05:23 22:34:39 EEST +0300
929,0.7,7.8,145,1.4,32.4,2021:05:23 22:34:39 EEST +0300
930,0.7,7.8,145,0.7,32.4,2021:05:23 22:34:39 EEST +0300
931,0.7,7.8,145,1.4,32.4,2021:05:23 22:34:39 EEST +0300
932,0.7,7.8,145,1.4,32.4,2021:05:23 22:34:39 EEST +0300
933,0.7,7.8,145,0.7,32.4,2021:05:23 22:34:39 EEST +0300
934,0.7,7.8,145,1.4,32.4,2021:05:23 22:34:39 EEST +0300
935,0.7,7.8,145,1.4,32.4,2021:05:23 22:34:39 EEST +0300
936,0.7,7.8,145,2.1,32.4,2021:05:23 22:34:39 EEST +0300
937,0.7,7.8,145,0.7,32.4,2021:05:23 22:34:39 EEST +0300
938,0.7,7.8,145,1.4,32.4,2021:05:23 22:34:39 EEST +0300
939,0.7,7.8,145,1.4,32.4,2021:05:23 22:34:39 EEST +0300
940,0.7,7.8,145,2.1,32.4,2021:05:23 22:34:39 EEST +0300
941,0.7,7.8,145,3.5,32.4,2021:05:23 22:34:39 EEST +0300
942,0.0,7.8,145,0.0,32.4,2021:05:23 22:34:39 EEST +0300
943,0.7,7.8,145,2.1,32.4,2021:05:23 22:34:39 EEST +0300
944,0.7,7.8,145,0.7,32.4,2021:05:23 22:34:39 EEST +0300
945,0.7,7.8,145,2.1,32.4,2021:05:23 22:34:39 EEST +0300
946,0.7,7.8,145,2.1,32.4,2021:05:23 22:34:39 EEST +0300
947,0.0,7.8,144,0.0,32.4,2021:05:23 22:34:39 EEST +0300
948,0.7,7.8,144,1.4,32.4,2021:05:23 22:34:39 EEST +0300
949,0.0,7.8,144,0.0,32.4,2021:05:23 22:34:39 EEST +0300
950,0.8,7.8,145,2.4,32.4,2021:05:23 22:34:39 EEST +0300
951,0.7,7.8,145,2.1,32.4,2021:05:23 22:34:39 EEST +0300
952,0.7,7.8,145,0.7,32.4,2021:05:23 22:34:39 EEST +0300
953,0.7,7.8,145,0.7,32.4,2021:05:23 22:34:39 EEST +0300
954,0.7,7.8,146,1.4,32.4,2021:05:23 22:34:39 EEST +0300
955,0.7,7.8,146,2.1,32.4,2021:05:23 22:34:39 EEST +0300
956,0.7,7.8,146,0.7,32.4,2021:05:23 22:34:39 EEST +0300
957,0.7,7.8,146,0.7,32.4,2021:05:23 22:34:39 EEST +0300
958,0.7,7.8,146,2.1,32.4,2021:05:23 22:34:39 EEST +0300
959,1.5,7.8,146,2.9,32.4,2021:05:23 22:34:39 EEST +0300
960,0.7,7.8,146,0.7,32.4,2021:05:23 22:34:39 EEST +0300
961,0.7,7.8,146,1.4,32.4,2021:05:23 22:34:39 EEST +0300
962,0.7,7.8,146,0.7,32.4,2021:05:23 22:34:39 EEST +0300
963,0.7,7.8,146,0.7,32.4,2021:05:23 22:34:39 EEST +0300
964,0.7,7.8,146,2.1,32.4,2021:05:23 22:34:39 EEST +0300
965,0.7,7.8,146,2.1,32.4,2021:05:23 22:34:39 EEST +0300
966,0.7,7.8,146,1.4,32.4,2021:05:23 22:34:39 EEST +0300
967,0.7,7.8,146,1.4,32.4,2021:05:23 22:34:39 EEST +0300
968,0.7,7.8,146,2.1,32.4,2021:05:23 22:34:39 EEST +0300
969,0.7,7.8,146,1.4,32.4,2021:05:23 22:34:39 EEST +0300
970,0.7,7.8,146,0.7,32.4,2021:05:23 22:34:39 EEST +0300
971,0.7,7.8,146,0.7,32.4,2021:05:23 22:34:39 EEST +0300
972,0.7,7.8,146,1.4,32.4,2021:05:23 22:34:39 EEST +0300
973,0.7,7.8,146,0.7,32.4,2021:05:23 22:34:39 EEST +0300
974,0.7,7.8,146,2.8,32.4,2021:05:23 22:34:39 EEST +0300
975,0.7,7.8,146,3.5,32.4,2021:05:23 22:34:39 EEST +0300
976,0.0,7.8,146,0.0,32.4,2021:05:23 22:34:39 EEST +0300
977,0.7,7.8,146,2.1,32.4,2021:05:23 22:34:39 EEST +0300
978,0.7,7.8,146,0.7,32.4,2021:05:23 22:34:39 EEST +0300
979,0.0,7.8,146,0.0,32.4,2021:05:23 22:34:39 EEST +0300
980,1.5,7.8,146,2.2,32.4,2021:05:23 22:34:39 EEST +0300
981,0.7,7.8,146,0.7,32.4,2021:05:23 22:34:39 EEST +0300
982,2.2,7.8,146,4.3,32.4,2021:05:23 22:34:39 EEST +0300
983,0.7,7.8,146,1.4,32.4,2021:05:23 22:34:39 EEST +0300
984,0.7,7.8,145,0.7,32.4,2021:05:23 22:34:39 EEST +0300
985,0.7,7.8,145,0.7,32.4,2021:05:23 22:34:39 EEST +0300
986,0.7,7.8,145,2.1,32.4,2021:05:23 22:34:39 EEST +0300
987,1.5,7.8,145,1.5,32.4,2021:05:23 22:34:39 EEST +0300
988,0.7,7.8,145,0.7,32.4,2021:05:23 22:34:39 EEST +0300
989,0.7,7.8,145,0.7,32.4,2021:05:23 22:34:39 EEST +0300
990,0.7,7.8,145,2.1,32.4,2021:05:23 22:34:39 EEST +0300
991,0.7,7.8,145,1.4,32.4,2021:05:23 22:34:39 EEST +0300
992,0.7,7.8,145,0.7,32.4,2021:05:23 22:34:39 EEST +0300
993,0.7,7.8,145,0.7,32.4,2021:05:23 22:34:39 EEST +0300
994,0.7,7.8,145,2.1,32.4,2021:05:23 22:34:39 EEST +0300
995,0.7,7.8,145,2.1,32.4,2021:05:23 22:34:39 EEST +0300
996,0.7,7.8,145,1.4,32.4,2021:05:23 22:34:39 EEST +0300
997,0.0,7.8,145,0.0,32.4,2021:05:23 22:34:39 EEST +0300
998,0.7,7.8,145,1.4,32.4,2021:05:23 22:34:39 EEST +0300
999,0.8,7.8,145,1.6,32.4,2021:05:23 22:34:39 EEST +0300
1000,0.8,7.8,145,1.6,32.4,2021:05:23 22:34:39 EEST +0300
1001,0.8,7.8,145,2.4,32.4,2021:05:23 22:34:39 EEST +0300
1002,0.8,7.8,145,2.4,32.4,2021:05:23 22:34:39 EEST +0300
1003,0.8,7.8,145,0.8,32.4,2021:05:23 22:34:39 EEST +0300
1004,0.8,7.8,145,1.6,32.4,2021:05:23 22:34:39 EEST +0300
1005,0.8,7.8,145,0.8,32.4,2021:05:23 22:34:39 EEST +0300
1006,0.8,7.8,145,1.6,32.4,2021:05:23 22:34:39 EEST +0300
1007,0.8,7.8,145,1.6,32.4,2021:05:23 22:34:39 EEST +0300
1008,0.0,7.8,145,0.0,32.4,2021:05:23 22:34:39 EEST +0300
1009,0.8,7.8,145,2.4,32.4,2021:05:23 22:34:39 EEST +0300
1010,0.8,7.8,145,1.6,32.4,2021:05:23 22:34:39 EEST +0300
1011,0.8,7.8,145,1.6,32.4,2021:05:23 22:34:39 EEST +0300
1012,0.8,7.8,145,2.4,32.4,2021:05:23 22:34:39 EEST +0300
1013,0.8,7.8,145,1.6,32.4,2021:05:23 22:34:39 EEST +0300
1014,0.8,7.8,145,0.8,32.4,2021:05:23 22:34:39 EEST +0300
1015,0.8,7.8,145,2.4,32.4,2021:05:23 22:34:39 EEST +0300
1016,0.0,7.8,145,0.0,32.4,2021:05:23 22:34:39 EEST +0300
1017,0.8,7.8,145,1.6,32.4,2021:05:23 22:34:39 EEST +0300
1018,0.8,7.8,145,1.6,32.4,2021:05:23 22:34:39 EEST +0300
1019,0.8,7.8,145,1.6,32.4,2021:05:23 22:34:39 EEST +0300
1020,0.8,7.8,145,1.6,32.4,2021:05:23 22:34:39 EEST +0300
1021,0.0,7.8,144,0.0,32.4,2021:05:23 22:34:39 EEST +0300
1022,0.8,7.8,145,3.2,32.4,2021:05:23 22:34:39 EEST +0300
1023,0.7,7.8,145,0.7,32.4,2021:05:23 22:34:39 EEST +0300
1024,0.7,7.8,145,1.4,32.4,2021:05:23 22:34:39 EEST +0300
1025,0.7,7.8,145,0.7,32.4,2021:05:23 22:34:39 EEST +0300
1026,0.7,7.8,145,1.4,32.4,2021:05:23 22:34:39 EEST +0300
1027,0.7,7.8,145,2.1,32.4,2021:05:23 22:34:39 EEST +0300
1028,0.7,7.8,145,2.1,32.4,2021:05:23 22:34:39 EEST +0300
1029,0.7,7.8,145,1.4,32.4,2021:05:23 22:34:39 EEST +0300
1030,0.7,7.8,145,1.4,32.4,2021:05:23 22:34:39 EEST +0300
1031,0.7,7.8,146,0.7,32.4,2021:05:23 22:34:39 EEST +0300
1032,0.7,7.8,146,2.1,32.4,2021:05:23 22:34:39 EEST +0300
1033,0.7,7.8,146,1.4,32.4,2021:05:23 22:34:39 EEST +0300
1034,0.7,7.8,147,0.7,32.4,2021:05:23 22:34:39 EEST +0300
1035,0.7,7.8,147,1.4,32.4,2021:05:23 22:34:39 EEST +0300
1036,0.7,7.8,147,1.4,32.4,2021:05:23 22:34:39 EEST +0300
1037,0.0,7.8,147,0.0,32.4,2021:05:23 22:34:39 EEST +0300
1038,0.7,7.8,147,2.1,32.4,2021:05:23 22:34:39 EEST +0300
1039,0.7,7.8,147,0.7,32.4,2021:05:23 22:34:39 EEST +0300
1040,0.7,7.8,147,2.1,32.4,2021:05:23 22:34:39 EEST +0300
1041,0.7,7.8,147,1.4,32.4,2021:05:23 22:34:39 EEST +0300
1042,0.7,7.8,147,2.1,32.4,2021:05:23 22:34:39 EEST +0300
1043,0.7,7.8,147,0.7,32.4,2021:05:23 22:34:39 EEST +0300
1044,0.7,7.8,147,0.7,32.4,2021:05:23 22:34:39 EEST +0300
1045,1.5,7.8,147,2.2,32.4,2021:05:23 22:34:39 EEST +0300
1046,0.7,7.8,147,0.7,32.4,2021:05:23 22:34:39 EEST +0300
1047,0.7,7.8,147,1.4,32.4,2021:05:23 22:34:39 EEST +0300
1048,0.7,7.8,147,0.7,32.4,2021:05:23 22:34:39 EEST +0300
1049,0.7,7.8,147,1.4,32.4,2021:05:23 22:34:39 EEST +0300
1050,0.7,7.8,147,1.4,32.4,2021:05:23 22:34:39 EEST +0300
1051,1.5,7.8,147,2.2,32.4,2021:05:23 22:34:39 EEST +0300
1052,0.7,7.8,147,1.4,32.4,2021:05:23 22:34:39 EEST +0300
1053,0.7,7.8,147,0.7,32.4,2021:05:23 22:34:39 EEST +0300
1054,0.7,7.8,147,2.1,32.4,2021:05:23 22:34:39 EEST +0300
1055,0.0,7.8,147,0.0,32.4,2021:05:23 22:34:39 EEST +0300
1056,0.7,7.8,147,2.1,32.4,2021:05:23 22:34:39 EEST +0300
1057,0.7,7.8,147,0.7,32.4,2021:05:23 22:34:39 EEST +0300
1058,0.7,7.8,147,0.7,32.4,2021:05:23 22:34:39 EEST +0300
1059,0.7,7.8,147,1.4,32.4,2021:05:23 22:34:39 EEST +0300
1060,0.7,7.8,147,2.1,32.4,2021:05:23 22:34:39 EEST +0300
1061,0.7,7.8,147,1.4,32.4,2021:05:23 22:34:39 EEST +0300
1062,0.7,7.8,147,1.4,32.4,2021:05:23 22:34:39 EEST +0300
1063,0.7,7.8,147,3.5,32.4,2021:05:23 22:34:39 EEST +0300
1064,0.7,7.8,147,0.7,32.4,2021:05:23 22:34:39 EEST +0300
1065,0.7,7.8,147,2.1,32.4,2021:05:23 22:34:39 EEST +0300
1066,0.7,7.8,147,0.7,32.4,2021:05:23 22:34:39 EEST +0300
1067,0.0,7.8,147,0.0,32.4,2021:05:23 22:34:39 EEST +0300
1068,0.7,7.8,147,2.1,32.4,2021:05:23 22:34:39 EEST +0300
1069,0.7,7.8,147,0.7,32.4,2021:05:23 22:34:39 EEST +0300
1070,0.7,7.8,147,2.1,32.4,2021:05:23 22:34:39 EEST +0300
1071,0.7,7.8,147,0.7,32.4,2021:05:23 22:34:39 EEST +0300
1072,0.7,7.8,147,0.7,32.4,2021:05:23 22:34:39 EEST +0300
1073,0.7,7.8,147,1.4,32.4,2021:05:23 22:34:39 EEST +0300
1074,0.7,7.8,147,0.7,32.4,2021:05:23 22:34:39 EEST +0300
1075,0.7,7.8,147,1.4,32.4,2021:05:23 22:34:39 EEST +0300
1076,0.7,7.8,147,0.7,32.4,2021:05:23 22:34:39 EEST +0300
1077,0.7,7.8,147,2.1,32.4,2021:05:23 22:34:39 EEST +0300
1078,0.0,7.8,147,0.0,32.4,2021:05:23 22:34:39 EEST +0300
1079,0.8,7.8,148,4.0,32.4,2021:05:23 22:34:39 EEST +0300
1080,0.0,7.8,148,0.0,32.4,2021:05:23 22:34:39 EEST +0300
1081,0.7,7.8,148,1.4,32.4,2021:05:23 22:34:39 EEST +0300
1082,0.7,7.8,148,1.4,32.4,2021:05:23 22:34:39 EEST +0300
1083,2.2,7.8,148,2.9,32.4,2021:05:23 22:34:39 EEST +0300
1084,0.7,7.8,148,2.1,32.4,2021:05:23 22:34:39 EEST +0300
1085,0.7,7.8,148,0.7,32.4,2021:05:23 22:34:39 EEST +0300
1086,0.7,7.8,148,1.4,32.4,2021:05:23 22:34:39 EEST +0300
1087,0.7,7.8,148,0.7,32.4,2021:05:23 22:34:39 EEST +0300
1088,0.7,7.8,148,2.1,32.4,2021:05:23 22:34:39 EEST +0300
1089,0.7,7.8,148,1.4,32.4,2021:05:23 22:34:39 EEST +0300
1090,0.7,7.8,148,1.4,32.4,2021:05:23 22:34:39 EEST +0300
1091,0.7,7.8,148,2.1,32.4,2021:05:23 22:34:39 EEST +0300
1092,0.0,7.8,148,0.0,32.4,2021:05:23 22:34:39 EEST +0300
1093,0.7,7.8,148,1.4,32.4,2021:05:23 22:34:39 EEST +0300
1094,0.0,7.8,148,0.0,32.4,2021:05:23 22:34:39 EEST +0300
1095,0.7,7.8,148,2.1,32.4,2021:05:23 22:34:39 EEST +0300
1096,0.7,7.8,148,2.1,32.4,2021:05:23 22:34:39 EEST +0300
1097,0.7,7.8,148,0.7,32.4,2021:05:23 22:34:39 EEST +0300
1098,1.5,7.8,148,2.2,32.4,2021:05:23 22:34:39 EEST +0300
1099,0.7,7.8,148,1.4,32.4,2021:05:23 22:34:39 EEST +0300
1100,0.7,7.8,148,0.7,32.4,2021:05:23 22:34:39 EEST +0300
1101,0.7,7.8,148,1.4,32.4,2021:05:23 22:34:39 EEST +0300
1102,0.7,7.8,148,2.1,32.4,2021:05:23 22:34:39 EEST +0300
1103,0.7,7.8,148,0.7,32.4,2021:05:23 22:34:39 EEST +0300
1104,0.7,7.8,148,2.1,32.4,2021:05:23 22:34:39 EEST +0300
1105,0.0,7.8,148,0.0,32.4,2021:05:23 22:34:39 EEST +0300
1106,0.7,7.8,148,0.7,32.4,2021:05:23 22:34:39 EEST +0300
1107,1.5,7.8,148,2.9,32.4,2021:05:23 22:34:39 EEST +0300
1108,0.7,7.8,148,0.7,32.4,2021:05:23 22:34:39 EEST +0300
1109,0.7,7.8,148,2.1,32.4,2021:05:23 22:34:39 EEST +0300
1110,0.7,7.8,148,1.4,32.4,2021:05:23 22:34:39 EEST +0300
1111,0.7,7.8,148,1.4,32.4,2021:05:23 22:34:39 EEST +0300
1112,0.7,7.8,148,1.4,32.4,2021:05:23 22:34:39 EEST +0300
1113,0.7,7.8,148,2.1,32.4,2021:05:23 22:34:39 EEST +0300
1114,0.7,7.8,148,1.4,32.4,2021:05:23 22:34:39 EEST +0300
1115,0.7,7.8,148,0.7,32.4,2021:05:23 22:34:39 EEST +0300
1116,1.5,7.8,148,2.9,32.4,2021:05:23 22:34:39 EEST +0300
1117,0.7,7.8,148,1.4,32.4,2021:05:23 22:34:39 EEST +0300
1118,0.7,7.8,148,1.4,32.4,2021:05:23 22:34:39 EEST +0300
1119,0.7,7.8,148,0.7,32.4,2021:05:23 22:34:39 EEST +0300
1120,0.7,7.8,148,2.1,32.4,2021:05:23 22:34:39 EEST +0300
1121,0.7,7.8,148,0.7,32.4,2021:05:23 22:34:39 EEST +0300
1122,0.7,7.8,148,1.4,32.4,2021:05:23 22:34:39 EEST +0300
1123,0.7,7.8,148,2.1,32.4,2021:05:23 22:34:39 EEST +0300
1124,0.8,7.8,148,1.6,32.4,2021:05:23 22:34:39 EEST +0300
1125,0.8,7.8,148,2.4,32.4,2021:05:23 22:34:39 EEST +0300
1126,0.8,7.8,148,1.6,32.4,2021:05:23 22:34:39 EEST +0300
1127,0.8,7.8,148,0.8,32.4,2021:05:23 22:34:39 EEST +0300
1128,0.8,7.8,148,0.8,32.4,2021:05:23 22:34:39 EEST +0300
1129,0.8,7.8,148,1.6,32.4,2021:05:23 22:34:39 EEST +0300
1130,0.8,7.8,148,1.6,32.4,2021:05:23 22:34:39 EEST +0300
1131,0.8,7.8,148,2.4,32.4,2021:05:23 22:34:39 EEST +0300
1132,0.8,7.8,148,2.4,32.4,2021:05:23 22:34:39 EEST +0300
1133,0.0,7.8,148,0.0,32.4,2021:05:23 22:34:39 EEST +0300
1134,0.8,7.8,148,2.4,32.4,2021:05:23 22:34:39 EEST +0300
1135,0.8,7.8,148,0.8,32.4,2021:05:23 22:34:39 EEST +0300
1136,0.8,7.8,148,0.8,32.4,2021:05:23 22:34:39 EEST +0300
1137,0.8,7.8,148,2.4,32.4,2021:05:23 22:34:39 EEST +0300
1138,0.8,7.8,148,0.8,32.4,2021:05:23 22:34:39 EEST +0300
1139,0.8,7.8,148,0.8,32.4,2021:05:23 22:34:39 EEST +0300
1140,0.8,7.8,148,2.4,32.4,2021:05:23 22:34:39 EEST +0300
1141,0.8,7.8,148,1.6,32.4,2021:05:23 22:34:39 EEST +0300
1142,0.8,7.8,148,1.6,32.4,2021:05:23 22:34:39 EEST +0300
1143,0.8,7.8,148,0.8,32.4,2021:05:23 22:34:39 EEST +0300
1144,0.8,7.8,148,0.8,32.4,2021:05:23 22:34:39 EEST +0300
1145,0.8,7.8,148,1.6,32.4,2021:05:23 22:34:39 EEST +0300
1146,0.8,7.8,148,2.4,32.4,2021:05:23 22:34:39 EEST +0300
1147,0.8,7.8,148,0.8,32.4,2021:05:23 22:34:39 EEST +0300
1148,0.8,7.8,148,3.2,32.4,2021:05:23 22:34:39 EEST +0300
1149,0.8,7.8,148,0.8,32.4,2021:05:23 22:34:39 EEST +0300
1150,0.8,7.8,148,0.8,32.4,2021:05:23 22:34:39 EEST +0300
1151,1.5,7.8,148,2.3,32.4,2021:05:23 22:34:39 EEST +0300
1152,0.8,7.8,148,0.8,32.4,2021:05:23 22:34:39 EEST +0300
1153,0.8,7.8,148,0.8,32.4,2021:05:23 22:34:39 EEST +0300
1154,0.8,7.8,148,2.4,32.4,2021:05:23 22:34:39 EEST +0300
1155,0.8,7.8,148,0.8,32.4,2021:05:23 22:34:39 EEST +0300
1156,0.8,7.8,148,3.0,32.4,2021:05:23 22:34:39 EEST +0300
1157,0.8,7.8,148,0.8,32.4,2021:05:23 22:34:39 EEST +0300
1158,0.8,7.8,148,0.8,32.4,2021:05:23 22:34:39 EEST +0300
1159,0.8,7.8,148,1.6,32.4,2021:05:23 22:34:39 EEST +0300
1160,0.8,7.8,148,4.0,32.4,2021:05:23 22:34:39 EEST +0300
1161,0.0,7.8,148,0.0,32.4,2021:05:23 22:34:39 EEST +0300
1162,0.8,7.8,148,1.6,32.4,2021:05:23 22:34:39 EEST +0300
1163,0.8,7.8,148,1.6,32.4,2021:05:23 22:34:39 EEST +0300
1164,0.8,7.8,148,0.8,32.4,2021:05:23 22:34:39 EEST +0300
1165,0.8,7.8,148,0.8,32.4,2021:05:23 22:34:39 EEST +0300
1166,0.0,7.8,148,0.0,32.4,2021:05:23 22:34:39 EEST +0300
1167,1.5,7.8,148,3.1,32.4,2021:05:23 22:34:39 EEST +0300
1168,0.8,7.8,148,1.6,32.4,2021:05:23 22:34:39 EEST +0300
1169,0.7,7.8,148,1.4,32.4,2021:05:23 22:34:39 EEST +0300
1170,0.8,7.8,148,0.8,32.4,2021:05:23 22:34:39 EEST +0300
1171,0.8,7.8,148,1.6,32.4,2021:05:23 22:34:39 EEST +0300
1172,0.8,7.8,148,1.6,32.4,2021:05:23 22:34:39 EEST +0300
1173,0.8,7.8,148,0.8,32.4,2021:05:23 22:34:39 EEST +0300
1174,0.8,7.8,147,2.4,32.4,2021:05:23 22:34:39 EEST +0300
1175,0.8,7.8,147,0.8,32.4,2021:05:23 22:34:39 EEST +0300
1176,0.8,7.8,147,3.2,32.4,2021:05:23 22:34:39 EEST +0300
1177,0.8,7.8,147,0.8,32.4,2021:05:23 22:34:39 EEST +0300
1178,0.8,7.8,147,0.8,32.4,2021:05:23 22:34:39 EEST +0300
1179,0.8,7.8,147,2.4,32.4,2021:05:23 22:34:39 EEST +0300
1180,0.0,7.8,146,0.0,32.4,2021:05:23 22:34:39 EEST +0300
1181,1.5,7.8,147,3.9,32.4,2021:05:23 22:34:39 EEST +0300
1182,0.7,7.8,147,1.4,32.4,2021:05:23 22:34:39 EEST +0300
1183,0.7,7.8,147,1.4,32.4,2021:05:23 22:34:39 EEST +0300
1184,0.7,7.8,147,1.4,32.4,2021:05:23 22:34:39 EEST +0300
1185,0.0,7.8,147,0.0,32.4,2021:05:23 22:34:39 EEST +0300
1186,0.7,7.8,147,2.1,32.4,2021:05:23 22:34:39 EEST +0300
1187,0.7,7.8,147,0.7,32.4,2021:05:23 22:34:39 EEST +0300
1188,0.7,7.8,147,1.4,32.4,2021:05:23 22:34:39 EEST +0300
1189,0.7,7.8,147,1.4,32.4,2021:05:23 22:34:39 EEST +0300
1190,0.7,7.8,147,2.1,32.4,2021:05:23 22:34:39 EEST +0300
1191,0.7,7.8,147,0.7,32.4,2021:05:23 22:34:39 EEST +0300
1192,0.7,7.8,147,2.1,32.4,2021:05:23 22:34:39 EEST +0300
1193,0.0,7.8,147,0.0,32.4,2021:05:23 22:34:39 EEST +0300
1194,0.7,7.8,147,0.7,32.4,2021:05:23 22:34:39 EEST +0300
1195,0.7,7.8,147,2.1,32.4,2021:05:23 22:34:39 EEST +0300
1196,0.7,7.8,147,0.7,32.4,2021:05:23 22:34:39 EEST +0300
1197,0.7,7.8,147,1.4,32.4,2021:05:23 22:34:39 EEST +0300
1198,0.7,7.8,147,2.1,32.4,2021:05:23 22:34:39 EEST +0300
1199,0.7,7.8,147,2.8,32.4,2021:05:23 22:34:39 EEST +0300
1200,0.7,7.8,147,1.4,32.4,2021:05:23 22:34:39 EEST +0300
1201,0.7,7.8,147,3.5,32.4,2021:05:23 22:34:39 EEST +0300
1202,1.5,7.8,147,2.2,32.4,2021:05:23 22:34:39 EEST +0300
1203,0.7,7.8,147,0.7,32.4,2021:05:23 22:34:39 EEST +0300
1204,0.7,7.8,147,1.4,32.4,2021:05:23 22:34:39 EEST +0300
1205,0.7,7.8,147,0.7,32.4,2021:05:23 22:34:39 EEST +0300
1206,2.2,7.8,148,4.3,32.4,2021:05:23 22:34:39 EEST +0300
1207,0.0,7.8,148,0.0,32.4,2021:05:23 22:34:39 EEST +0300
1208,0.7,7.8,148,2.1,32.4,2021:05:23 22:34:39 EEST +0300
1209,0.7,7.8,148,2.1,32.4,2021:05:23 22:34:39 EEST +0300
1210,0.7,7.8,148,0.7,32.4,2021:05:23 22:34:39 EEST +0300
1211,0.7,7.8,148,2.1,32.4,2021:05:23 22:34:39 EEST +0300
1212,0.0,7.8,148,0.0,32.4,2021:05:23 22:34:39 EEST +0300
1213,0.7,7.8,148,2.1,32.4,2021:05:23 22:34:39 EEST +0300
1214,0.7,7.8,148,1.4,32.4,2021:05:23 22:34:39 EEST +0300
1215,0.7,7.8,148,0.7,32.4,2021:05:23 22:34:39 EEST +0300
1216,1.5,7.8,148,2.9,32.4,2021:05:23 22:34:39 EEST +0300
1217,0.7,7.8,148,2.1,32.4,2021:05:23 22:34:39 EEST +0300
1218,0.7,7.8,148,1.4,32.4,2021:05:23 22:34:39 EEST +0300
1219,0.7,7.8,148,0.7,32.4,2021:05:23 22:34:39 EEST +0300
1220,0.7,7.8,148,1.4,32.4,2021:05:23 22:34:39 EEST +0300
1221,0.7,7.8,148,1.4,32.4,2021:05:23 22:34:39 EEST +0300
1222,0.7,7.8,148,1.4,32.4,2021:05:23 22:34:39 EEST +0300
1223,0.7,7.8,148,0.7,32.4,2021:05:23 22:34:39 EEST +0300
1224,0.7,7.8,148,0.7,32.4,2021:05:23 22:34:39 EEST +0300
1225,1.5,7.8,148,2.2,32.4,2021:05:23 22:34:39 EEST +0300
1226,1.5,7.8,148,2.2,32.4,2021:05:23 22:34:39 EEST +0300
1227,0.7,7.8,148,1.4,32.4,2021:05:23 22:34:39 EEST +0300
1228,0.7,7.8,148,0.7,32.4,2021:05:23 22:34:39 EEST +0300
1229,0.7,7.8,148,1.4,32.4,2021:05:23 22:34:39 EEST +0300
1230,0.7,7.8,148,2.1,32.4,2021:05:23 22:34:39 EEST +0300
1231,0.0,7.8,148,0.0,32.4,2021:05:23 22:34:39 EEST +0300
1232,0.7,7.8,148,2.1,32.4,2021:05:23 22:34:39 EEST +0300
1233,0.7,7.8,148,1.4,32.4,2021:05:23 22:34:39 EEST +0300
1234,0.7,7.8,148,0.7,32.4,2021:05:23 22:34:39 EEST +0300
1235,0.7,7.8,148,1.4,32.4,2021:05:23 22:34:39 EEST +0300
1236,0.7,7.8,148,1.4,32.4,2021:05:23 22:34:39 EEST +0300
1237,0.7,7.8,148,1.4,32.4,2021:05:23 22:34:39 EEST +0300
1238,0.7,7.8,148,2.1,32.4,2021:05:23 22:34:39 EEST +0300
1239,0.0,7.8,148,0.0,32.4,2021:05:23 22:34:39 EEST +0300
1240,0.7,7.8,148,1.4,32.4,2021:05:23 22:34:39 EEST +0300
1241,0.7,7.8,148,2.8,32.4,2021:05:23 22:34:39 EEST +0300
1242,0.7,7.8,148,0.7,32.4,2021:05:23 22:34:39 EEST +0300
1243,0.7,7.8,148,2.1,32.4,2021:05:23 22:34:39 EEST +0300
1244,0.7,7.8,148,1.4,32.4,2021:05:23 22:34:39 EEST +0300
1245,1.5,7.8,148,1.5,32.4,2021:05:23 22:34:39 EEST +0300
1246,0.7,7.8,148,0.7,32.4,2021:05:23 22:34:39 EEST +0300
1247,0.0,7.8,148,0.0,32.4,2021:05:23 22:34:39 EEST +0300
1248,0.7,7.8,148,1.4,32.4,2021:05:23 22:34:39 EEST +0300
1249,0.7,7.8,148,2.8,32.4,2021:05:23 22:34:39 EEST +0300
1250,0.7,7.8,148,0.7,32.4,2021:05:23 22:34:39 EEST +0300
1251,0.8,7.8,148,2.4,32.4,2021:05:23 22:34:39 EEST +0300
1252,0.8,7.8,148,2.4,32.4,2021:05:23 22:34:39 EEST +0300
1253,0.8,7.8,148,0.8,32.4,2021:05:23 22:34:39 EEST +0300
1254,0.8,7.8,148,0.8,32.4,2021:05:23 22:34:39 EEST +0300
1255,0.8,7.8,148,2.4,32.4,2021:05:23 22:34:39 EEST +0300
1256,0.8,7.8,148,0.8,32.4,2021:05:23 22:34:39 EEST +0300
1257,0.8,7.8,148,1.6,32.4,2021:05:23 22:34:39 EEST +0300
1258,0.8,7.8,148,1.6,32.4,2021:05:23 22:34:39 EEST +0300
1259,0.8,7.8,148,2.4,32.4,2021:05:23 22:34:39 EEST +0300
1260,0.8,7.8,148,0.8,32.4,2021:05:23 22:34:39 EEST +0300
1261,0.0,7.8,148,0.0,32.4,2021:05:23 22:34:39 EEST +0300
1262,0.8,7.8,148,2.4,32.4,2021:05:23 22:34:39 EEST +0300
1263,0.8,7.8,148,1.6,32.4,2021:05:23 22:34:39 EEST +0300
1264,0.8,7.8,148,1.6,32.4,2021:05:23 22:34:39 EEST +0300
1265,0.8,7.8,146,0.8,32.4,2021:05:23 22:34:39 EEST +0300
1266,0.8,7.8,146,2.4,32.4,2021:05:23 22:34:39 EEST +0300
1267,0.8,7.8,146,1.6,32.4,2021:05:23 22:34:39 EEST +0300
1268,0.8,7.8,146,1.6,32.4,2021:05:23 22:34:39 EEST +0300
1269,0.8,7.8,146,1.6,32.4,2021:05:23 22:34:39 EEST +0300
1270,0.8,7.8,147,0.8,32.4,2021:05:23 22:34:39 EEST +0300
1271,0.7,7.8,147,1.4,32.4,2021:05:23 22:34:39 EEST +0300
1272,0.7,7.8,147,2.1,32.4,2021:05:23 22:34:39 EEST +0300
1273,0.7,7.8,147,2.1,32.4,2021:05:23 22:34:39 EEST +0300
1274,0.0,7.8,147,0.0,32.4,2021:05:23 22:34:39 EEST +0300
1275,0.7,7.8,147,1.4,32.4,2021:05:23 22:34:39 EEST +0300
1276,0.7,7.8,147,2.8,32.4,2021:05:23 22:34:39 EEST +0300
1277,0.7,7.8,147,0.7,32.4,2021:05:23 22:34:39 EEST +0300
1278,0.7,7.8,146,2.1,32.4,2021:05:23 22:34:39 EEST +0300
1279,0.7,7.8,146,0.7,32.4,2021:05:23 22:34:39 EEST +0300
1280,0.7,7.8,146,0.7,32.4,2021:05:23 22:34:39 EEST +0300
1281,1.5,7.8,146,2.9,32.4,2021:05:23 22:34:39 EEST +0300
1282,0.0,7.8,146,0.0,32.4,2021:05:23 22:34:39 EEST +0300
1283,0.7,7.8,146,0.7,32.4,2021:05:23 22:34:39 EEST +0300
1284,0.7,7.8,147,1.4,32.4,2021:05:23 22:34:39 EEST +0300
1285,0.7,7.8,147,0.7,32.4,2021:05:23 22:34:39 EEST +0300
1286,0.7,7.8,147,0.7,32.4,2021:05:23 22:34:39 EEST +0300
1287,0.7,7.8,147,0.7,32.4,2021:05:23 22:34:39 EEST +0300
1288,0.7,7.8,147,0.7,32.4,2021:05:23 22:34:39 EEST +0300
1289,0.7,7.8,147,2.1,32.4,2021:05:23 22:34:39 EEST +0300
1290,0.7,7.8,147,1.4,32.4,2021:05:23 22:34:39 EEST +0300
1291,0.7,7.8,147,2.8,32.4,2021:05:23 22:34:39 EEST +0300
1292,0.0,7.8,147,0.0,32.4,2021:05:23 22:34:39 EEST +0300
1293,0.7,7.8,147,2.1,32.4,2021:05:23 22:34:39 EEST +0300
1294,0.7,7.8,147,1.4,32.4,2021:05:23 22:34:39 EEST +0300
1295,0.7,7.8,147,0.7,32.4,2021:05:23 22:34:39 EEST +0300
1296,0.7,7.8,147,1.4,32.4,2021:05:23 22:34:39 EEST +0300
1297,0.7,7.8,147,2.1,32.4,2021:05:23 22:34:39 EEST +0300
1298,0.7,7.8,147,0.7,32.4,2021:05:23 22:34:39 EEST +0300
1299,0.7,7.8,147,2.8,32.4,2021:05:23 22:34:39 EEST +0300
1300,0.7,7.8,147,1.4,32.4,2021:05:23 22:34:39 EEST +0300
1301,0.7,7.8,147,0.7,32.4,2021:05:23 22:34:39 EEST +0300
1302,0.7,7.8,147,0.7,32.4,2021:05:23 22:34:39 EEST +0300
1303,0.7,7.8,145,2.1,32.4,2021:05:23 22:34:39 EEST +0300
1304,0.7,7.8,145,0.7,32.4,2021:05:23 22:34:39 EEST +0300
1305,0.7,7.8,145,1.4,32.4,2021:05:23 22:34:39 EEST +0300
1306,0.7,7.8,145,2.1,32.4,2021:05:23 22:34:39 EEST +0300
1307,0.7,7.8,145,0.7,32.4,2021:05:23 22:34:39 EEST +0300
1308,0.7,7.8,145,2.1,32.4,2021:05:23 22:34:39 EEST +0300
1309,0.7,7.8,145,0.7,32.4,2021:05:23 22:34:39 EEST +0300
1310,0.7,7.8,146,0.7,32.4,2021:05:23 22:34:39 EEST +0300
1311,0.7,7.8,146,0.7,32.4,2021:05:23 22:34:39 EEST +0300
1312,0.7,7.8,146,1.4,32.4,2021:05:23 22:34:39 EEST +0300
1313,0.7,7.8,146,1.4,32.4,2021:05:23 22:34:39 EEST +0300
1314,0.0,7.8,146,0.0,32.4,2021:05:23 22:34:39 EEST +0300
1315,1.5,7.8,146,3.6,32.4,2021:05:23 22:34:39 EEST +0300
1316,0.7,7.8,146,1.4,32.4,2021:05:23 22:34:39 EEST +0300
1317,0.7,7.8,146,0.7,32.4,2021:05:23 22:34:39 EEST +0300
1318,1.5,7.8,146,3.6,32.4,2021:05:23 22:34:39 EEST +0300
1319,0.7,7.8,146,1.4,32.4,2021:05:23 22:34:39 EEST +0300
1320,0.7,7.8,146,0.7,32.4,2021:05:23 22:34:39 EEST +0300
1321,0.7,7.8,146,2.1,32.4,2021:05:23 22:34:39 EEST +0300
1322,0.7,7.8,146,2.1,32.4,2021:05:23 22:34:39 EEST +0300
1323,0.7,7.8,146,1.4,32.4,2021:05:23 22:34:39 EEST +0300
1324,0.7,7.8,146,0.7,32.4,2021:05:23 22:34:39 EEST +0300
1325,0.0,7.8,146,0.0,32.4,2021:05:23 22:34:39 EEST +0300
1326,0.7,7.8,146,2.1,32.4,2021:05:23 22:34:39 EEST +0300
1327,0.7,7.8,146,1.4,32.4,2021:05:23 22:34:39 EEST +0300
1328,0.7,7.8,146,0.7,32.4,2021:05:23 22:34:39 EEST +0300
1329,0.7,7.8,147,2.8,32.4,2021:05:23 22:34:39 EEST +0300
1330,0.7,7.8,147,1.4,32.4,2021:05:23 22:34:39 EEST +0300
1331,0.7,7.8,147,1.4,32.4,2021:05:23 22:34:39 EEST +0300
1332,0.7,7.8,147,0.7,32.4,2021:05:23 22:34:39 EEST +0300
1333,0.7,7.8,147,2.1,32.4,2021:05:23 22:34:39 EEST +0300
1334,0.7,7.8,147,0.7,32.4,2021:05:23 22:34:39 EEST +0300
1335,0.7,7.8,147,1.4,32.4,2021:05:23 22:34:39 EEST +0300
1336,0.7,7.8,147,0.7,32.4,2021:05:23 22:34:39 EEST +0300
1337,0.7,7.8,147,1.4,32.4,2021:05:23 22:34:39 EEST +0300
1338,0.7,7.8,147,0.7,32.4,2021:05:23 22:34:39 EEST +0300
1339,0.7,7.8,147,0.7,32.4,2021:05:23 22:34:39 EEST +0300
1340,0.7,7.8,147,2.8,32.4,2021:05:23 22:34:39 EEST +0300
1341,0.0,7.8,147,0.0,32.4,2021:05:23 22:34:39 EEST +0300
1342,0.7,7.8,147,2.8,32.4,2021:05:23 22:34:39 EEST +0300
1343,0.7,7.8,147,1.4,32.4,2021:05:23 22:34:39 EEST +0300
1344,0.7,7.8,147,0.7,32.4,2021:05:23 22:34:39 EEST +0300
1345,0.7,7.8,147,1.4,32.4,2021:05:23 22:34:39 EEST +0300
1346,0.7,7.8,147,2.1,32.4,2021:05:23 22:34:39 EEST +0300
1347,0.7,7.8,147,0.7,32.4,2021:05:23 22:34:39 EEST +0300
1348,0.7,7.8,147,2.1,32.4,2021:05:23 22:34:39 EEST +0300
1349,0.7,7.8,147,0.7,32.4,2021:05:23 22:34:39 EEST +0300
1350,0.7,7.8,147,0.7,32.4,2021:05:23 22:34:39 EEST +0300
1351,1.5,7.8,147,2.2,32.4,2021:05:23 22:34:39 EEST +0300
1352,0.0,7.8,147,0.0,32.4,2021:05:23 22:34:39 EEST +0300
1353,0.7,7.8,147,1.4,32.4,2021:05:23 22:34:39 EEST +0300
1354,0.7,7.8,147,2.1,32.4,2021:05:23 22:34:39 EEST +0300
1355,0.7,7.8,147,0.7,32.4,2021:05:23 22:34:39 EEST +0300
1356,0.7,7.8,147,2.1,32.4,2021:05:23 22:34:39 EEST +0300
1357,0.7,7.8,147,1.4,32.4,2021:05:23 22:34:39 EEST +0300
1358,0.7,7.8,147,1.4,32.4,2021:05:23 22:34:39 EEST +0300
1359,0.7,7.8,147,1.4,32.4,2021:05:23 22:34:39 EEST +0300
1360,0.0,7.8,147,0.0,32.4,2021:05:23 22:34:39 EEST +0300
1361,0.7,7.8,147,1.4,32.4,2021:05:23 22:34:39 EEST +0300
1362,0.7,7.8,147,0.7,32.4,2021:05:23 22:34:39 EEST +0300
1363,0.7,7.8,147,1.4,32.4,2021:05:23 22:34:39 EEST +0300
1364,0.7,7.8,147,1.4,32.4,2021:05:23 22:34:39 EEST +0300
1365,0.0,7.8,147,0.0,32.4,2021:05:23 22:34:39 EEST +0300
1366,0.7,7.8,147,2.8,32.4,2021:05:23 22:34:39 EEST +0300
1367,0.7,7.8,147,2.8,32.4,2021:05:23 22:34:39 EEST +0300
1368,0.7,7.8,147,1.4,32.4,2021:05:23 22:34:39 EEST +0300
1369,0.7,7.8,147,1.4,32.4,2021:05:23 22:34:39 EEST +0300
1370,0.7,7.8,147,0.7,32.4,2021:05:23 22:34:39 EEST +0300
1371,0.0,7.8,147,0.0,32.4,2021:05:23 22:34:39 EEST +0300
1372,0.7,7.8,147,1.4,32.4,2021:05:23 22:34:39 EEST +0300
1373,0.7,7.8,147,1.4,32.4,2021:05:23 22:34:39 EEST +0300
1374,0.7,7.8,147,0.7,32.4,2021:05:23 22:34:39 EEST +0300
1375,1.5,7.8,147,3.1,32.4,2021:05:23 22:34:39 EEST +0300
1376,0.8,7.8,147,1.6,32.4,2021:05:23 22:34:39 EEST +0300
1377,0.8,7.8,147,0.8,32.4,2021:05:23 22:34:39 EEST +0300
1378,0.7,7.8,147,0.7,32.4,2021:05:23 22:34:39 EEST +0300
1379,0.8,7.8,147,0.8,32.4,2021:05:23 22:34:39 EEST +0300
1380,0.8,7.8,147,0.8,32.4,2021:05:23 22:34:39 EEST +0300
1381,0.8,7.8,147,1.6,32.4,2021:05:23 22:34:39 EEST +0300
1382,0.8,7.8,147,0.8,32.4,2021:05:23 22:34:39 EEST +0300
1383,0.8,7.8,147,1.6,32.4,2021:05:23 22:34:39 EEST +0300
1384,0.8,7.8,147,2.4,32.4,2021:05:23 22:34:39 EEST +0300
1385,0.8,7.8,147,1.6,32.4,2021:05:23 22:34:39 EEST +0300
1386,0.8,7.8,147,1.6,32.4,2021:05:23 22:34:39 EEST +0300
1387,0.8,7.8,147,0.8,32.4,2021:05:23 22:34:39 EEST +0300
1388,0.8,7.8,147,0.8,32.4,2021:05:23 22:34:39 EEST +0300
1389,0.8,7.8,147,1.6,32.4,2021:05:23 22:34:39 EEST +0300
1390,0.8,7.8,147,2.4,32.4,2021:05:23 22:34:39 EEST +0300
1391,0.8,7.8,147,0.8,32.4,2021:05:23 22:34:39 EEST +0300
1392,0.8,7.8,147,1.6,32.4,2021:05:23 22:34:39 EEST +0300
1393,0.8,7.8,147,2.4,32.4,2021:05:23 22:34:39 EEST +0300
1394,0.8,7.8,147,0.8,32.4,2021:05:23 22:34:39 EEST +0300
1395,0.8,7.8,147,1.6,32.4,2021:05:23 22:34:39 EEST +0300
1396,0.8,7.8,147,3.2,32.4,2021:05:23 22:34:39 EEST +0300
1397,0.8,7.8,147,0.8,32.4,2021:05:23 22:34:39 EEST +0300
1398,0.8,7.8,147,0.8,32.4,2021:05:23 22:34:39 EEST +0300
1399,1.5,7.8,147,3.1,32.4,2021:05:23 22:34:39 EEST +0300
1400,0.0,7.8,147,0.0,32.4,2021:05:23 22:34:39 EEST +0300
1401,0.8,7.8,147,0.8,32.4,2021:05:23 22:34:39 EEST +0300
1402,0.8,7.8,147,2.4,32.4,2021:05:23 22:34:39 EEST +0300
1403,0.0,7.8,147,0.0,32.4,2021:05:23 22:34:39 EEST +0300
1404,0.8,7.8,147,1.6,32.4,2021:05:23 22:34:39 EEST +0300
1405,0.8,7.8,147,1.6,32.4,2021:05:23 22:34:39 EEST +0300
1406,0.8,7.8,147,0.8,32.4,2021:05:23 22:34:39 EEST +0300
1407,0.8,7.8,147,2.4,32.4,2021:05:23 22:34:39 EEST +0300
1408,0.8,7.8,147,0.8,32.4,2021:05:23 22:34:39 EEST +0300
1409,0.8,7.8,147,0.8,32.4,2021:05:23 22:34:39 EEST +0300
1410,0.8,7.8,147,1.6,32.4,2021:05:23 22:34:39 EEST +0300
1411,0.8,7.8,147,0.8,32.4,2021:05:23 22:34:39 EEST +0300
1412,0.8,7.8,147,0.8,32.4,2021:05:23 22:34:39 EEST +0300
1413,0.8,7.8,147,1.6,32.4,2021:05:23 22:34:39 EEST +0300
1414,0.8,7.8,147,0.8,32.4,2021:05:23 22:34:39 EEST +0300
1415,0.8,7.8,147,0.8,32.4,2021:05:23 22:34:39 EEST +0300
1416,0.8,7.8,147,0.8,32.4,2021:05:23 22:34:39 EEST +0300
1417,0.8,7.8,147,2.4,32.4,2021:05:23 22:34:39 EEST +0300
1418,0.8,7.8,147,2.4,32.4,2021:05:23 22:34:39 EEST +0300
1419,0.8,7.8,147,0.8,32.4,2021:05:23 22:34:39 EEST +0300
1420,0.8,7.8,147,3.2,32.4,2021:05:23 22:34:39 EEST +0300
1421,0.8,7.8,147,0.8,32.4,2021:05:23 22:34:39 EEST +0300
1422,0.8,7.8,147,1.6,32.4,2021:05:23 22:34:39 EEST +0300
1423,0.8,7.8,147,1.6,32.4,2021:05:23 22:34:39 EEST +0300
1424,0.8,7.8,147,0.8,32.4,2021:05:23 22:34:39 EEST +0300
1425,1.5,7.8,147,2.3,32.4,2021:05:23 22:34:39 EEST +0300
1426,0.8,7.8,147,2.4,32.4,2021:05:23 22:34:39 EEST +0300
1427,0.8,7.8,147,1.6,32.4,2021:05:23 22:34:39 EEST +0300
1428,0.8,7.8,147,1.6,32.4,2021:05:23 22:34:39 EEST +0300
1429,0.8,7.8,147,0.8,32.4,2021:05:23 22:34:39 EEST +0300
1430,2.3,7.8,147,3.1,32.4,2021:05:23 22:34:39 EEST +0300
1431,0.8,7.8,147,3.2,32.4,2021:05:23 22:34:39 EEST +0300
1432,0.8,7.8,147,0.8,32.4,2021:05:23 22:34:39 EEST +0300
1433,0.8,7.8,147,1.6,32.4,2021:05:23 22:34:39 EEST +0300
1434,0.8,7.8,147,0.8,32.4,2021:05:23 22:34:39 EEST +0300
1435,0.0,7.8,147,0.0,32.4,2021:05:23 22:34:39 EEST +0300
1436,0.8,7.8,147,2.4,32.4,2021:05:23 22:34:39 EEST +0300
1437,0.8,7.8,146,0.8,32.4,2021:05:23 22:34:39 EEST +0300
1438,0.8,7.8,146,3.2,32.4,2021:05:23 22:34:39 EEST +0300
1439,0.8,7.8,146,0.8,32.4,2021:05:23 22:34:39 EEST +0300
1440,0.8,7.8,146,0.8,32.4,2021:05:23 22:34:39 EEST +0300
1441,0.8,7.8,146,1.6,32.4,2021:05:23 22:34:39 EEST +0300
1442,0.8,7.8,146,2.4,32.4,2021:05:23 22:34:39 EEST +0300
1443,0.8,7.8,146,1.6,32.4,2021:05:23 22:34:39 EEST +0300
1444,0.8,7.8,146,0.8,32.4,2021:05:23 22:34:39 EEST +0300
1445,0.8,7.8,146,1.6,32.4,2021:05:23 22:34:39 EEST +0300
1446,0.8,7.8,146,0.8,32.4,2021:05:23 22:34:39 EEST +0300
1447,0.8,7.8,146,1.6,32.4,2021:05:23 22:34:39 EEST +0300
1448,0.0,7.8,146,0.0,32.4,2021:05:23 22:34:39 EEST +0300
1449,0.8,7.8,146,4.8,32.4,2021:05:23 22:34:39 EEST +0300
1450,0.8,7.8,146,0.8,32.4,2021:05:23 22:34:39 EEST +0300
1451,1.5,7.8,146,1.5,32.4,2021:05:23 22:34:39 EEST +0300
1452,0.8,7.8,146,1.6,32.4,2021:05:23 22:34:39 EEST +0300
1453,0.0,7.8,146,0.0,32.4,2021:05:23 22:34:39 EEST +0300
1454,0.8,7.8,146,4.0,32.4,2021:05:23 22:34:39 EEST +0300
1455,0.8,7.8,146,0.8,32.4,2021:05:23 22:34:39 EEST +0300
1456,0.8,7.8,146,1.5,32.4,2021:05:23 22:34:39 EEST +0300
1457,0.8,7.8,146,0.8,32.4,2021:05:23 22:34:39 EEST +0300
1458,0.8,7.8,146,1.6,32.4,2021:05:23 22:34:39 EEST +0300
1459,0.7,7.8,147,1.4,32.4,2021:05:23 22:34:39 EEST +0300
1460,0.7,7.8,147,1.4,32.4,2021:05:23 22:34:39 EEST +0300
1461,0.0,7.8,147,0.0,32.4,2021:05:23 22:34:39 EEST +0300
1462,0.7,7.8,147,2.1,32.4,2021:05:23 22:34:39 EEST +0300
1463,0.7,7.8,147,1.4,32.4,2021:05:23 22:34:39 EEST +0300
1464,0.0,7.8,147,0.0,32.4,2021:05:23 22:34:39 EEST +0300
1465,0.7,7.8,147,2.1,32.4,2021:05:23 22:34:39 EEST +0300
1466,0.7,7.8,147,1.4,32.4,2021:05:23 22:34:39 EEST +0300
1467,0.7,7.8,147,1.4,32.4,2021:05:23 22:34:39 EEST +0300
1468,0.7,7.8,147,1.4,32.4,2021:05:23 22:34:39 EEST +0300
1469,0.7,7.8,147,0.7,32.4,2021:05:23 22:34:39 EEST +0300
1470,0.0,7.8,147,0.0,32.4,2021:05:23 22:34:39 EEST +0300
1471,0.7,7.8,147,1.4,32.4,2021:05:23 22:34:39 EEST +0300
1472,0.7,7.8,147,2.8,32.4,2021:05:23 22:34:39 EEST +0300
1473,0.7,7.8,147,0.7,32.4,2021:05:23 22:34:39 EEST +0300
1474,0.7,7.8,147,2.1,32.4,2021:05:23 22:34:39 EEST +0300
1475,0.7,7.8,147,1.4,32.4,2021:05:23 22:34:39 EEST +0300
1476,0.7,7.8,147,1.4,32.4,2021:05:23 22:34:39 EEST +0300
1477,0.7,7.8,147,1.4,32.4,2021:05:23 22:34:39 EEST +0300
1478,0.7,7.8,148,0.7,32.4,2021:05:23 22:34:39 EEST +0300
1479,0.7,7.8,148,0.7,32.4,2021:05:23 22:34:39 EEST +0300
1480,0.7,7.8,148,1.4,32.4,2021:05:23 22:34:39 EEST +0300
1481,0.7,7.8,148,1.4,32.4,2021:05:23 22:34:39 EEST +0300
1482,0.7,7.8,148,2.1,32.4,2021:05:23 22:34:39 EEST +0300
1483,0.7,7.8,148,1.4,32.4,2021:05:23 22:34:39 EEST +0300
1484,0.7,7.8,148,0.7,32.4,2021:05:23 22:34:39 EEST +0300
1485,0.7,7.8,148,1.4,32.4,2021:05:23 22:34:39 EEST +0300
1486,0.7,7.8,147,0.7,32.4,2021:05:23 22:34:39 EEST +0300
1487,0.7,7.8,147,1.4,32.4,2021:05:23 22:34:39 EEST +0300
1488,0.7,7.8,147,0.7,32.4,2021:05:23 22:34:39 EEST +0300
1489,0.7,7.8,147,0.7,32.4,2021:05:23 22:34:39 EEST +0300
1490,0.7,7.8,147,2.8,32.4,2021:05:23 22:34:39 EEST +0300
1491,0.7,7.8,147,0.7,32.4,2021:05:23 22:34:39 EEST +0300
1492,0.7,7.8,147,0.7,32.4,2021:05:23 22:34:39 EEST +0300
1493,0.7,7.8,147,2.1,32.4,2021:05:23 22:34:39 EEST +0300
1494,0.7,7.8,147,0.7,32.4,2021:05:23 22:34:39 EEST +0300
1495,0.7,7.8,147,1.4,32.4,2021:05:23 22:34:39 EEST +0300
1496,0.7,7.8,147,1.4,32.4,2021:05:23 22:34:39 EEST +0300
1497,0.0,7.8,147,0.0,32.4,2021:05:23 22:34:39 EEST +0300
1498,0.7,7.8,146,2.8,32.4,2021:05:23 22:34:39 EEST +0300
1499,0.7,7.8,146,2.8,32.4,2021:05:23 22:34:39 EEST +0300
1500,0.0,7.8,146,0.0,32.4,2021:05:23 22:34:39 EEST +0300
1501,0.7,7.8,146,0.7,32.4,2021:05:23 22:34:39 EEST +0300
1502,0.7,7.8,146,2.8,32.4,2021:05:23 22:34:39 EEST +0300
1503,0.0,7.8,147,0.0,32.4,2021:05:23 22:34:39 EEST +0300
1504,0.7,7.8,148,2.1,32.4,2021:05:23 22:34:39 EEST +0300
1505,0.0,7.8,148,0.0,32.4,2021:05:23 22:34:39 EEST +0300
1506,0.7,7.8,148,0.7,32.4,2021:05:23 22:34:39 EEST +0300
1507,0.7,7.8,148,2.1,32.4,2021:05:23 22:34:39 EEST +0300
1508,0.7,7.8,148,0.7,32.4,2021:05:23 22:34:39 EEST +0300
1509,0.7,7.8,148,2.1,32.4,2021:05:23 22:34:39 EEST +0300
1510,0.7,7.8,147,0.7,32.4,2021:05:23 22:34:39 EEST +0300
1511,0.0,7.8,147,0.0,32.4,2021:05:23 22:34:39 EEST +0300
1512,1.5,7.8,148,2.9,32.4,2021:05:23 22:34:39 EEST +0300
1513,0.7,7.8,148,1.4,32.4,2021:05:23 22:34:39 EEST +0300
1514,0.7,7.8,148,0.7,32.4,2021:05:23 22:34:39 EEST +0300
1515,0.7,7.8,148,1.4,32.4,2021:05:23 22:34:39 EEST +0300
1516,0.0,7.8,148,0.0,32.4,2021:05:23 22:34:39 EEST +0300
1517,0.7,7.8,148,1.4,32.4,2021:05:23 22:34:39 EEST +0300
1518,0.7,7.8,148,4.2,32.4,2021:05:23 22:34:39 EEST +0300
1519,0.0,7.8,148,0.0,32.4,2021:05:23 22:34:39 EEST +0300
1520,0.7,7.8,148,0.7,32.4,2021:05:23 22:34:39 EEST +0300
1521,0.7,7.8,148,2.1,32.4,2021:05:23 22:34:39 EEST +0300
1522,0.7,7.8,148,1.4,32.4,2021:05:23 22:34:39 EEST +0300
1523,0.7,7.8,148,1.4,32.4,2021:05:23 22:34:39 EEST +0300
1524,0.7,7.8,148,1.4,32.4,2021:05:23 22:34:39 EEST +0300
1525,0.0,7.8,148,0.0,32.4,2021:05:23 22:34:39 EEST +0300
1526,0.7,7.8,148,2.1,32.4,2021:05:23 22:34:39 EEST +0300
1527,0.7,7.8,148,1.4,32.4,2021:05:23 22:34:39 EEST +0300
1528,1.5,7.8,148,1.5,32.4,2021:05:23 22:34:39 EEST +0300
1529,0.7,7.8,148,1.4,32.4,2021:05:23 22:34:39 EEST +0300
1530,0.7,7.8,148,2.1,32.4,2021:05:23 22:34:39 EEST +0300
1531,0.7,7.8,148,1.4,32.4,2021:05:23 22:34:39 EEST +0300
1532,0.7,7.8,148,1.4,32.4,2021:05:23 22:34:39 EEST +0300
1533,0.0,7.8,148,0.0,32.4,2021:05:23 22:34:39 EEST +0300
1534,0.7,7.8,148,1.4,32.4,2021:05:23 22:34:39 EEST +0300
1535,0.7,7.8,148,1.4,32.4,2021:05:23 22:34:39 EEST +0300
1536,0.0,7.8,148,0.0,32.4,2021:05:23 22:34:39 EEST +0300
1537,0.7,7.8,148,2.1,32.4,2021:05:23 22:34:39 EEST +0300
1538,0.7,7.8,148,2.1,32.4,2021:05:23 22:34:39 EEST +0300
1539,0.7,7.8,148,1.4,32.4,2021:05:23 22:34:39 EEST +0300
1540,0.7,7.8,148,0.7,32.4,2021:05:23 22:34:39 EEST +0300
1541,0.7,7.8,148,0.7,32.4,2021:05:23 22:34:39 EEST +0300
1542,2.2,7.8,148,2.9,32.4,2021:05:23 22:34:39 EEST +0300
1543,0.7,7.8,148,2.1,32.4,2021:05:23 22:34:39 EEST +0300
1544,0.7,7.8,148,1.4,32.4,2021:05:23 22:34:39 EEST +0300
1545,0.7,7.8,148,2.1,32.4,2021:05:23 22:34:39 EEST +0300
1546,0.7,7.8,148,1.4,32.4,2021:05:23 22:34:39 EEST +0300
1547,0.7,7.8,148,0.7,32.4,2021:05:23 22:34:39 EEST +0300
1548,0.7,7.8,148,1.4,32.4,2021:05:23 22:34:39 EEST +0300
1549,0.7,7.8,148,1.4,32.4,2021:05:23 22:34:39 EEST +0300
1550,0.7,7.8,148,0.7,32.4,2021:05:23 22:34:39 EEST +0300
1551,0.7,7.8,149,1.4,32.4,2021:05:23 22:34:39 EEST +0300
1552,0.7,7.8,149,2.1,32.4,2021:05:23 22:34:39 EEST +0300
1553,0.7,7.8,149,0.7,32.4,2021:05:23 22:34:39 EEST +0300
1554,0.7,7.8,149,0.7,32.4,2021:05:23 22:34:39 EEST +0300
1555,0.7,7.8,149,0.7,32.4,2021:05:23 22:34:39 EEST +0300
1556,0.7,7.8,149,1.4,32.4,2021:05:23 22:34:39 EEST +0300
1557,0.7,7.8,149,1.4,32.4,2021:05:23 22:34:39 EEST +0300
1558,1.5,7.8,149,2.2,32.4,2021:05:23 22:34:39 EEST +0300
1559,0.7,7.8,147,1.4,32.4,2021:05:23 22:34:39 EEST +0300
1560,0.7,7.8,147,0.7,32.4,2021:05:23 22:34:39 EEST +0300
1561,0.0,7.8,148,0.0,32.4,2021:05:23 22:34:39 EEST +0300
1562,0.7,7.8,148,2.1,32.4,2021:05:23 22:34:39 EEST +0300
1563,0.7,7.8,148,2.1,32.4,2021:05:23 22:34:39 EEST +0300
1564,1.5,7.8,148,1.5,32.4,2021:05:23 22:34:39 EEST +0300
1565,0.7,7.8,148,0.7,32.4,2021:05:23 22:34:39 EEST +0300
1566,0.7,7.8,148,2.1,32.4,2021:05:23 22:34:39 EEST +0300
1567,0.7,7.8,148,2.1,32.4,2021:05:23 22:34:39 EEST +0300
1568,0.7,7.8,148,0.7,32.4,2021:05:23 22:34:39 EEST +0300
1569,0.7,7.8,148,1.4,32.4,2021:05:23 22:34:39 EEST +0300
1570,0.7,7.8,148,2.8,32.4,2021:05:23 22:34:39 EEST +0300
1571,0.7,7.8,148,0.7,32.4,2021:05:23 22:34:39 EEST +0300
1572,0.0,7.8,148,0.0,32.4,2021:05:23 22:34:39 EEST +0300
1573,0.7,7.8,148,2.8,32.4,2021:05:23 22:34:39 EEST +0300
1574,0.7,7.8,148,1.4,32.4,2021:05:23 22:34:39 EEST +0300
1575,1.5,7.8,148,2.9,32.4,2021:05:23 22:34:39 EEST +0300
1576,0.7,7.8,148,0.7,32.4,2021:05:23 22:34:39 EEST +0300
1577,0.7,7.8,148,1.4,32.4,2021:05:23 22:34:39 EEST +0300
1578,0.7,7.8,148,1.4,32.4,2021:05:23 22:34:39 EEST +0300
1579,0.7,7.8,148,1.4,32.4,2021:05:23 22:34:39 EEST +0300
1580,0.7,7.8,148,0.7,32.4,2021:05:23 22:34:39 EEST +0300
1581,0.7,7.8,148,2.1,32.4,2021:05:23 22:34:39 EEST +0300
1582,0.7,7.8,148,1.4,32.4,2021:05:23 22:34:39 EEST +0300
1583,0.0,7.8,148,0.0,32.4,2021:05:23 22:34:39 EEST +0300
1584,0.7,7.8,148,2.1,32.4,2021:05:23 22:34:39 EEST +0300
1585,0.7,7.8,148,0.7,32.4,2021:05:23 22:34:39 EEST +0300
1586,0.0,7.8,148,0.0,32.4,2021:05:23 22:34:39 EEST +0300
1587,0.7,7.8,148,1.4,32.4,2021:05:23 22:34:39 EEST +0300
1588,0.7,7.8,148,2.1,32.4,2021:05:23 22:34:39 EEST +0300
1589,0.7,7.8,148,0.7,32.4,2021:05:23 22:34:39 EEST +0300
1590,0.7,7.8,148,2.1,32.4,2021:05:23 22:34:39 EEST +0300
1591,0.7,7.8,148,0.7,32.4,2021:05:23 22:34:39 EEST +0300
1592,0.7,7.8,148,1.4,32.4,2021:05:23 22:34:39 EEST +0300
1593,0.7,7.8,148,2.1,32.4,2021:05:23 22:34:39 EEST +0300
1594,0.0,7.8,148,0.0,32.4,2021:05:23 22:34:39 EEST +0300
1595,0.7,7.8,148,1.4,32.4,2021:05:23 22:34:39 EEST +0300
1596,0.7,7.8,148,0.7,32.4,2021:05:23 22:34:39 EEST +0300
1597,0.7,7.8,148,1.4,32.4,2021:05:23 22:34:39 EEST +0300
1598,1.5,7.8,148,4.3,32.4,2021:05:23 22:34:39 EEST +0300
1599,0.7,7.8,148,1.4,32.4,2021:05:23 22:34:39 EEST +0300
1600,0.0,7.8,148,0.0,32.4,2021:05:23 22:34:39 EEST +0300
1601,0.7,7.8,148,0.7,32.4,2021:05:23 22:34:39 EEST +0300
1602,0.7,7.8,148,2.8,32.4,2021:05:23 22:34:39 EEST +0300
1603,0.7,7.8,148,1.4,32.4,2021:05:23 22:34:39 EEST +0300
1604,0.7,7.8,148,1.4,32.4,2021:05:23 22:34:39 EEST +0300
1605,0.0,7.8,148,0.0,32.4,2021:05:23 22:34:39 EEST +0300
1606,0.8,7.8,148,0.8,32.4,2021:05:23 22:34:39 EEST +0300
1607,0.8,7.8,148,2.4,32.4,2021:05:23 22:34:39 EEST +0300
1608,0.0,7.8,148,0.0,32.4,2021:05:23 22:34:39 EEST +0300
1609,0.8,7.8,148,2.4,32.4,2021:05:23 22:34:39 EEST +0300
1610,0.8,7.8,148,0.8,32.4,2021:05:23 22:34:39 EEST +0300
1611,0.8,7.8,148,2.4,32.4,2021:05:23 22:34:39 EEST +0300
1612,0.8,7.8,148,1.6,32.4,2021:05:23 22:34:39 EEST +0300
1613,0.8,7.8,148,3.2,32.4,2021:05:23 22:34:39 EEST +0300
1614,0.0,7.8,148,0.0,32.4,2021:05:23 22:34:39 EEST +0300
1615,0.8,7.8,148,1.6,32.4,2021:05:23 22:34:39 EEST +0300
1616,0.8,7.8,148,2.4,32.4,2021:05:23 22:34:39 EEST +0300
1617,0.8,7.8,148,0.8,32.4,2021:05:23 22:34:39 EEST +0300
1618,0.8,7.8,148,1.6,32.4,2021:05:23 22:34:39 EEST +0300
1619,0.0,7.8,148,0.0,32.4,2021:05:23 22:34:39 EEST +0300
1620,0.8,7.8,148,2.4,32.4,2021:05:23 22:34:39 EEST +0300
1621,0.8,7.8,148,2.4,32.4,2021:05:23 22:34:39 EEST +0300
1622,0.0,7.8,148,0.0,32.4,2021:05:23 22:34:39 EEST +0300
1623,0.8,7.8,148,0.8,32.4,2021:05:23 22:34:39 EEST +0300
1624,0.8,7.8,148,2.4,32.4,2021:05:23 22:34:39 EEST +0300
1625,0.8,7.8,148,0.8,32.4,2021:05:23 22:34:39 EEST +0300
1626,0.8,7.8,148,2.4,32.4,2021:05:23 22:34:39 EEST +0300
1627,0.8,7.8,148,1.6,32.4,2021:05:23 22:34:39 EEST +0300
1628,0.0,7.8,148,0.0,32.4,2021:05:23 22:34:39 EEST +0300
1629,0.8,7.8,148,2.4,32.4,2021:05:23 22:34:39 EEST +0300
1630,0.8,7.8,148,1.6,32.4,2021:05:23 22:34:39 EEST +0300
1631,0.8,7.8,148,1.6,32.4,2021:05:23 22:34:39 EEST +0300
1632,0.8,7.8,148,1.6,32.4,2021:05:23 22:34:39 EEST +0300
1633,0.8,7.8,148,1.6,32.4,2021:05:23 22:34:39 EEST +0300
1634,0.8,7.8,148,0.8,32.4,2021:05:23 22:34:39 EEST +0300
1635,0.8,7.8,148,0.8,32.4,2021:05:23 22:34:39 EEST +0300
1636,0.8,7.8,148,1.6,32.4,2021:05:23 22:34:39 EEST +0300
1637,0.8,7.8,148,1.6,32.4,2021:05:23 22:34:39 EEST +0300
1638,0.8,7.8,148,0.8,32.4,2021:05:23 22:34:39 EEST +0300
1639,0.8,7.8,148,1.6,32.4,2021:05:23 22:34:39 EEST +0300
1640,0.8,7.8,148,1.6,32.4,2021:05:23 22:34:39 EEST +0300
1641,0.8,7.8,148,3.2,32.4,2021:05:23 22:34:39 EEST +0300
1642,0.0,7.8,148,0.0,32.4,2021:05:23 22:34:39 EEST +0300
1643,0.8,7.8,148,1.6,32.4,2021:05:23 22:34:39 EEST +0300
1644,0.8,7.8,148,2.4,32.4,2021:05:23 22:34:39 EEST +0300
1645,0.8,7.8,148,0.8,32.4,2021:05:23 22:34:39 EEST +0300
1646,0.7,7.8,148,1.4,32.4,2021:05:23 22:34:39 EEST +0300
1647,0.8,7.8,148,0.8,32.4,2021:05:23 22:34:39 EEST +0300
1648,0.8,7.8,148,1.6,32.4,2021:05:23 22:34:39 EEST +0300
1649,0.8,7.8,148,1.6,32.4,2021:05:23 22:34:39 EEST +0300
1650,0.8,7.8,148,0.8,32.4,2021:05:23 22:34:39 EEST +0300
1651,0.8,7.8,148,2.3,32.4,2021:05:23 22:34:39 EEST +0300
1652,0.8,7.8,148,0.8,32.4,2021:05:23 22:34:39 EEST +0300
1653,0.8,7.8,148,1.6,32.4,2021:05:23 22:34:39 EEST +0300
1654,1.5,7.8,148,3.8,32.4,2021:05:23 22:34:39 EEST +0300
1655,0.8,7.8,148,0.8,32.4,2021:05:23 22:34:39 EEST +0300
1656,0.0,7.8,148,0.0,32.4,2021:05:23 22:34:39 EEST +0300
1657,0.8,7.8,148,0.8,32.4,2021:05:23 22:34:39 EEST +0300
1658,0.8,7.8,148,2.4,32.4,2021:05:23 22:34:39 EEST +0300
1659,0.8,7.8,148,2.4,32.4,2021:05:23 22:34:39 EEST +0300
1660,0.8,7.8,148,0.8,32.4,2021:05:23 22:34:39 EEST +0300
1661,0.8,7.8,148,0.8,32.4,2021:05:23 22:34:39 EEST +0300
1662,0.8,7.8,148,1.6,32.4,2021:05:23 22:34:39 EEST +0300
1663,0.8,7.8,148,1.6,32.4,2021:05:23 22:34:39 EEST +0300
1664,0.8,7.8,148,0.8,32.4,2021:05:23 22:34:39 EEST +0300
1665,0.8,7.8,148,2.4,32.4,2021:05:23 22:34:39 EEST +0300
1666,0.8,7.8,148,1.6,32.4,2021:05:23 22:34:39 EEST +0300
1667,0.8,7.8,148,1.6,32.4,2021:05:23 22:34:39 EEST +0300
1668,0.8,7.8,148,2.4,32.4,2021:05:23 22:34:39 EEST +0300
1669,0.8,7.8,148,0.8,32.4,2021:05:23 22:34:39 EEST +0300
1670,0.0,7.8,148,0.0,32.4,2021:05:23 22:34:39 EEST +0300
1671,0.8,7.8,148,3.2,32.4,2021:05:23 22:34:39 EEST +0300
1672,0.8,7.8,148,0.8,32.4,2021:05:23 22:34:39 EEST +0300
1673,0.8,7.8,148,1.6,32.4,2021:05:23 22:34:39 EEST +0300
1674,0.8,7.8,148,0.8,32.4,2021:05:23 22:34:39 EEST +0300
1675,0.7,7.8,148,1.4,32.4,2021:05:23 22:34:39 EEST +0300
1676,0.8,7.8,148,1.5,32.4,2021:05:23 22:34:39 EEST +0300
1677,0.8,7.8,148,0.8,32.4,2021:05:23 22:34:39 EEST +0300
1678,0.8,7.8,148,0.8,32.4,2021:05:23 22:34:39 EEST +0300
1679,0.8,7.8,148,0.8,32.4,2021:05:23 22:34:39 EEST +0300
